NUMERO;RECURSO;ROTULO
00000012120028240050;50002;AGR
00000012120028240050;50002;AGR
00000032720118240033;50000;CON
00000032720118240033;50000;POS
00000032720118240033;50000;CON
00000032720118240033;50001;CON
00000032720118240033;50001;POS
00000032720118240033;50001;CON
00000042920148240058;50003;CON
00000042920148240058;50003;CON
00000042920148240058;50003;CON
00000042920148240058;50003;CON
00000042920148240058;50003;CON
00000042920148240058;50003;CON
00000057320168240242;50001;CON
00000057320168240242;50001;FAM
00000057320168240242;50001;CON
00000057320168240242;50001;CON
00000057320168240242;50001;CON
00000057320168240242;50001;CON
00000057320168240242;50001;CON
00000057320168240242;50001;CON
00000057320168240242;50001;CON
00000110319958240053;50000;TIT
00000207420158240081;50002;EXP
00000295720128240011;50001;TIT
00000301120128240086;50001;TIT
00000358620138240057;50000;OIG
00000414219998240071;50001;BAN
00000416320138240067;50000;OIG
00000581720138240062;50001;OIG
00000603620138240078;50003;AGR
00000603620138240078;50004;AGR
00000642020138240031;50000;OIG
00000831620118240057;50000;SEG
00000831620118240057;50001;AGR
00000881020088240068;50001;SFH
00000921220098240036;50004;OIG
00001096220118240041;50001;BAN
00001386319998240064;50001;BAN
00001466020008240046;50001;AGR
00001551020128240011;50000;BAN
00001729120098240030;50001;EXP
00001789320098240064;50000;CON
00001858120148240235;50001;SEG
00001886620148240031;50000;DAN
00001964420138240042;50000;BAN
00001971120148240166;50000;COM
00002136020138240081;50000;TIT
00002154020108240144;50002;EXP
00002154020108240144;50003;EXP
00002179320108240084;50003;EXP
00002338220138240103;50001;DAN
00002346420138240007;50000;OIG
00002370220138240045;50002;AGR
00002380720138240103;50001;DAN
00002585020138240021;50001;SEG
00002644619958240067;50001;BAN
00002648720118240066;50001;DAN
00002677520128240076;50001;AGR
00003016220078240064;50000;CON
00003019420128240029;50002;BAN
00003148020138240119;50003;FAM
00003223120128240042;50001;SFH
00003382320018240057;50002;BAN
00003398420098240135;50000;DPV
00003455820138240036;50000;DMI
00003474320098240141;50001;AGR
00003526020108240002;50002;BAN
00003526020108240002;50002;EXP
00003537120078240189;50001;TIT
00003561920108240125;50001;AGR
00003566819968240041;50000;POS
00003608820078240019;50001;BAN
00003643020118240167;50002;AGR
00003757119978240063;50000;BAN
00003757119978240063;50000;TIT
00003812520138240061;50001;OIG
00003996020088240016;50001;AGR
00004061520068240051;50001;DAN
00004061520068240051;50002;DAN
00004084920108240049;50000;BAN
00004084920108240049;50000;EXP
00004089620108240001;50000;EXP
00004103920128240052;50003;AGR
00004103920128240052;50004;AGR
00004274720108240084;50002;AGR
00004284020108240049;50003;BAN
00004284020108240049;50003;EXP
00004311220018240113;50000;TIT
00004512420098240080;50002;AGR
00004586120078240023;50001;OIE
00004630220098240189;50002;AGR
00004735520108240013;50000;BAN
00004869220108240065;50001;BAN
00004869220108240065;50001;EXP
00005112020118240082;50000;CON
00005238520148240031;50000;DMI
00005281620128240084;50002;AGR
00005284620168240061;50000;DAN
00005285020168240189;50001;CON
00005285020168240189;50002;AGR
00005328820138240061;50000;CON
00005360920138240035;50001;OIG
00005360920138240035;50002;OIG
00005438220138240008;50000;OIG
00005441020138240124;50001;CON
00005441020138240124;50001;EXP
00005501820138240059;50001;AGR
00005503420108240023;50000;DAN
00005608820048240023;50001;PRE
00005608820048240023;50002;PRE
00005688420138240141;50001;OIG
00005718420128240008;50000;MAR
00005755820118240008;50001;SEG
00005781020148240072;50000;CON
00005781020148240072;50000;POS
00005807720148240072;50000;CON
00005824720148240072;50000;CON
00005855620098240046;50002;AGR
00005872420148240087;50000;DAN
00005906020088240031;50000;DAN
00005910620078240023;50001;BAN
00005986320128240074;50002;AGR
00006178520138240025;50001;BAN
00006220520078240030;50002;DAN
00006303820138240008;50000;OIG
00006349120138240035;50001;OIG
00006426020088240062;50001;OIG
00006426020088240062;50002;OIG
00006426020088240062;50003;OIG
00006522720108240065;50001;BAN
00006522720108240065;50002;AGR
00006558420148240018;50000;SEG
00006574320118240282;50001;TIT
00006574320118240282;50004;TIT
00006598720128240052;50001;AGR
00006657520108240081;50000;BAN
00006657520108240081;50000;EXP
00006814320148240031;50001;AGR
00006832920148240058;50003;AGR
00007105920098240002;50000;CON
00007169120108240144;50001;OIG
00007169120108240144;50005;OIG
00007226020148240079;50000;SEG
00007226020148240079;50001;SEG
00007323819988240056;50001;BAN
00007478419998240019;50000;BUS
00007521920088240043;50000;EXP
00007530720098240063;50001;DAN
00007897820118240063;50000;DAN
00007959220138240038;50000;OIG
00007994420108240068;50001;BAN
00008061220058240068;50002;AGR
00008098720108240036;50001;BAN
00008165220118240163;50001;AGR
00008232919878240052;50000;TIT
00008305220138240038;50000;OIG
00008337920108240048;50000;DAN
00008389720108240017;50000;EXP
00008618520138240066;50001;EXP
00008619820158240039;50001;EXP
00008619820158240039;50002;EXP
00008756520138240035;50003;AGR
00008756520138240035;50004;AGR
00008843920148240052;50001;AGR
00008851420118240057;50002;AGR
00008899520088240141;50001;PRE
00008904420168240030;50000;TIT
00008975520108240124;50002;DAN
00008991320158240039;50002;EXP
00008991320158240039;50003;EXP
00009006920138240038;50000;DMI
00009070920138240023;50002;OIG
00009070920138240023;50003;OIG
00009072120108240053;50000;SEG
00009088520008240043;50000;BAN
00009155219988240074;50001;COM
00009186220138240015;50002;OIG
00009266220038240056;50000;BAN
00009294920088240021;50001;AGR
00009405420148240058;50001;EXP
00009445620088240073;50000;BAN
00009699720138240007;50000;CON
00009880920128240082;50000;DAN
00010312620138240044;50002;BAN
00010397620138240052;50002;AGR
00010434920018240080;50001;DMI
00010501720148240070;50001;CON
00010528120138240050;50001;BAN
00010681420138240057;50002;SEG
00010699520058240051;50001;COM
00010823120128240025;50001;MAR
00010823120128240025;50002;MAR
00010914320148240018;50001;SEG
00011106920088240047;50000;DAN
00011142120098240064;50001;SOC
00011233720108240067;50001;AGR
00011328720088240125;50001;OIG
00011351420108240144;50000;DAN
00011351420108240144;50002;DAN
00011351420178240000;50001;BAN
00011351420178240000;50001;TIT
00011373420138240061;50001;DAN
00011514620128240063;50001;OIG
00011533720068240027;50001;OIG
00011553020138240037;50000;DAN
00011570820078240070;50004;OIG
00011593320118240071;50001;DAN
00011593320118240071;50002;DAN
00011609420048240125;50002;AGR
00011725720158240082;50001;COM
00011725720158240082;50002;COM
00011996919958240008;50001;CON
00012030420138240032;50000;EXP
00012114620138240075;50001;AGR
00012164920138240049;50001;AGR
00012226820088240037;50001;AGR
00012275820108240025;50001;DPV
00012282019988240007;50000;TIT
00012320720128240059;50000;DAN
00012423420068240068;50002;AGR
00012496520128240084;50001;BAN
00012566020098240020;50000;EXP
00012629020118240119;50000;TIT
00012731620138240066;50000;DAN
00012814820118240038;50002;AGR
00012842620048240045;50000;AGR
00012842620048240045;50001;AGR
00012861020128240079;50002;AGR
00012983620148240020;50002;AGR
00013014320088240006;50001;DAN
00013072220108240025;50002;AGR
00013120520118240059;50000;DMI
00013192220148240049;50001;AGR
00013220320088240076;50003;OIG
00013317820078240082;50004;AGR
00013509820138240074;50000;DAN
00013509820138240074;50001;DAN
00013693920098240044;50001;AGR
00013732720108240049;50000;SUC
00013737320118240087;50000;OIG
00013813820138240036;50000;OIG
00013845120118240104;50000;FAM
00013948720078240055;50005;AGR
00013948720078240055;50006;AGR
00013951720088240062;50001;OIG
00013951720088240062;50003;OIG
00014018020108240053;50000;SEG
00014132020078240047;50002;PRE
00014377820158240011;50001;BAN
00014441320068240035;50001;OIE
00014441320068240035;50001;OIG
00014499320038240082;50002;AGR
00014514720138240071;50001;AGR
00014559820138240034;50002;AGR
00014584620118240059;50002;AGR
00014809620088240031;50002;DAN
00014910920118240068;50002;AGR
00014989420138240079;50001;AGR
00015167920078240062;50000;BAN
00015277120128240050;50002;DAN
00015285420138240104;50000;SEG
00015455720148240039;50001;TIT
00015735820078240075;50001;CON
00015832820138240064;50000;OIG
00015846819968240012;50001;BAN
00015920419998240024;50001;DAN
00016243820108240019;50000;DAN
00016270920078240080;50002;PRE
00016319520098240041;50001;PRE
00016355620058240047;50001;BAN
00016504720118240004;50000;CON
00016524820108240005;50000;DPV
00016560420068240045;50002;CON
00016593320138240038;50001;OIG
00016614920098240068;50000;DAN
00016945520138240082;50001;PRE
00017083920138240082;50002;DAN
00017083920138240082;50002;SEG
00017467120138240043;50001;SFH
00017504320118240055;50001;COM
00017504320118240055;50002;COM
00017766820108240025;50001;CON
00017766820108240025;50001;POS
00017775320108240025;50001;AGR
00017778520128240218;50001;EXP
00017880520088240041;50002;EXP
00017880520088240041;50003;EXP
00017894220078240035;50001;PRE
00018152220108240007;50001;DAN
00018567920108240074;50001;DAN
00018577320048240139;50001;POS
00018606920118240046;50001;AGR
00018654120138240040;50001;SEG
00018654620128240082;50000;CON
00018738320118240041;50000;POS
00018767220148240028;50000;EXP
00018969120098240043;50000;BAN
00018969120098240043;50001;BAN
00019068320138240015;50001;AGR
00019257820028240014;50000;BAN
00019321720118240059;50002;AGR
00019629220138240023;50001;OIG
00019707920098240065;50001;AGR
00019711120138240005;50002;AGR
00019733920138240018;50001;SEG
00019803520098240062;50000;DAN
00019999420068240046;50000;BUS
00020089620138240018;50001;SEG
00020093320088240026;50001;CDC
00020146620058240024;50000;SFH
00020158020098240066;50000;BAN
00020378320018240078;50001;COM
00020385520138240011;50002;AGR
00020456620128240016;50002;AGR
00020505220088240041;50003;EXP
00020505220088240041;50004;EXP
00020657020128240141;50003;AGR
00020771520118240046;50001;SFH
00021038120138240033;50000;BAN
00021038120138240033;50001;AGR
00021141420128240141;50003;AGR
00021311920008240061;50000;CDC
00021311920008240061;50001;CDC
00021327920138240018;50002;AGR
00021367220128240141;50003;AGR
00021425420018240080;50001;BAN
00021425420018240080;50001;DMI
00021497120128240141;50003;AGR
00021534120088240047;50000;EXP
00021557820128240141;50003;AGR
00021574820128240141;50003;AGR
00021616920138240135;50000;BAN
00021727720138240045;50001;TIT
00022042220128240141;50003;AGR
00022087720128240135;50001;COM
00022117020078240082;50001;PRE
00022141120098240064;50002;AGR
00022181820098240074;50001;PRE
00022378720078240011;50000;POS
00022381520078240030;50000;CON
00022397920128240141;50003;AGR
00022429519998240074;50001;AGR
00022536020138240066;50001;BAN
00022541220068240027;50001;OIE
00022574820138240050;50001;DAN
00022621320138240166;50001;EXP
00022687620138240018;50000;SEG
00022715519998240007;50001;BAN
00022727420048240036;50001;CON
00022839820088240057;50000;POS
00022933220138240037;50001;CON
00022998720038240005;50001;BAN
00023007920148240072;50001;SEG
00023007920148240072;50002;AGR
00023109720148240016;50001;AGR
00023138620138240016;50000;SEG
00023218520128240020;50001;CON
00023222620128240067;50001;DAN
00023504920128240081;50000;EXP
00023551620148240012;50002;AGR
00023668220138240011;50002;BAN
00023782120018240075;50000;DAN
00023980820058240031;50001;OIG
00024042420098240015;50002;AGR
00024172020108240037;50002;DPV
00024177720138240081;50000;SEG
00024309220118240066;50001;DAN
00024312020108240064;50001;COM
00024312020108240064;50001;TIT
00024322120098240070;50001;TIT
00024337620158240011;50000;OIE
00024403620118240067;50000;DAN
00024572920128240070;50001;OIG
00024700820158240075;50002;EXP
00024700820158240075;50003;EXP
00024798720128240070;50003;AGR
00024807220128240070;50001;OIG
00024865520108240036;50001;SFH
00024876420128240070;50001;OIG
00024910420128240070;50001;OIG
00024937220088240018;50002;AGR
00025317420148240018;50001;SEG
00025350920178240018;50000;DAN
00025377720128240139;50000;BUS
00025530420138240072;50001;DAN
00025530420138240072;50003;DAN
00025644020098240018;50000;BAN
00025978319988240125;50000;BAN
00026190320138240001;50002;TIT
00026299320138240018;50001;SEG
00026307820138240018;50001;SEG
00026573520148240080;50000;EXP
00026603420108240046;50001;DAN
00026603420108240046;50002;DAN
00026639619968240072;50001;BAN
00026834820128240033;50000;BAN
00026844520118240008;50000;OIG
00026911320128240037;50001;CON
00027367620128240082;50001;MAR
00027389320138240055;50001;AGR
00027433420118240040;50001;BAN
00027875520128240028;50001;AGR
00028363020108240008;50000;OIG
00028411320118240042;50001;SFH
00028413520098240025;50001;BUS
00028422620138240010;50001;AGR
00028644620138240055;50000;BAN
00028644620138240055;50000;COM
00028693820028240125;50000;BAN
00029156520138240020;50001;CON
00029377120128240081;50001;BAN
00029419120018240082;50002;AGR
00029472220018240075;50002;DAN
00029475320148240079;50001;SEG
00029634620098240058;50001;OIG
00029634620098240058;50003;OIG
00029766420128240050;50002;EXP
00029884220078240054;50001;PRE
00029884220078240054;50004;PRE
00030140820098240139;50001;AGR
00030192820128240041;50001;POS
00030192820128240041;50002;POS
00030315020008240045;50000;CON
00030373920048240038;50002;AGR
00030646319968240018;50000;TIT
00030831620128240016;50001;FAM
00030956420148240079;50000;DAN
00031123920108240080;50000;BAN
00031123920108240080;50000;EXP
00031275120138240064;50000;OIG
00031288420108240082;50001;CON
00031298020008240030;50002;BAN
00031298020008240030;50003;BAN
00031551920138240064;50000;OIG
00031582020138240081;50002;BAN
00031672720128240045;50001;CON
00031681620128240076;50002;AGR
00031777720138240064;50000;OIG
00031833320138240081;50001;BAN
00032168120148240018;50000;SEG
00032202120148240018;50000;SEG
00032325520078240026;50000;OIG
00032441520138240073;50001;COM
00032475920138240011;50000;BAN
00032528120138240011;50002;AGR
00032761120028240039;50005;SUC
00032839820168240075;50000;BAN
00032974420038240041;50002;COM
00032975120148240011;50000;BAN
00033451020108240024;50001;DAN
00033507320108240075;50001;AGR
00033507320108240075;50001;DAN
00033743620128240074;50004;OIG
00033751320128240012;50003;DAN
00033869420108240082;50006;AGR
00033921020088240038;50002;DAN
00034003720008240015;50001;CON
00034089220078240039;50001;OIE
00034105420118240061;50000;CON
00034105420118240061;50000;POS
00034105420118240061;50001;CON
00034105420118240061;50001;POS
00034168520148240019;50000;SEG
00034952520098240024;50001;BAN
00035029520058240011;50001;AGR
00035063320138240018;50002;AGR
00035063320138240018;50003;AGR
00035430920128240014;50000;POS
00035563220128240006;50001;CON
00035685020138240058;50000;BAN
00035691820128240075;50001;CON
00035779520148240019;50000;SEG
00035822020148240019;50000;SEG
00035874020068240078;50000;CON
00036354320088240073;50000;COM
00036613520128240062;50000;OIG
00036746820138240007;50002;AGR
00036808020108240104;50000;DPV
00036875520138240011;50002;AGR
00037321620058240019;50002;AGR
00037398020128240045;50000;SFH
00037494220128240040;50001;CON
00037494220128240040;50001;SEG
00037693120148240018;50001;SEG
00037707819998240038;50000;BAN
00037745320148240018;50001;SEG
00037883120088240282;50003;AGR
00037887620138240081;50001;AGR
00038041020138240023;50001;OIG
00038626420128240082;50002;AGR
00038678320118240062;50001;CDC
00038678320118240062;50001;DAN
00038867420078240080;50001;CDC
00039004020138240018;50001;SEG
00039047720138240018;50001;SEG
00039362420128240081;50002;AGR
00039454920138240081;50001;BAN
00039511920138240061;50003;DAN
00040071020118240033;50001;TIT
00040096820138240078;50001;TIT
00040252719968240075;50001;BAN
00040503720088240037;50001;OIG
00040864220138240025;50002;AGR
00040931320088240024;50000;TIT
00041094320088240031;50000;BAN
00041181020138240005;50002;BAN
00041181020138240005;50003;BAN
00041429120078240023;50002;DAN
00041429120078240023;50003;DAN
00041501520078240073;50004;AGR
00041533120148240135;50001;AGR
00041702020028240125;50001;DAN
00041833020128240008;50001;SEG
00041876620148240018;50000;SEG
00041962820148240018;50000;SEG
00041998020148240018;50001;SEG
00042103520138240054;50000;SEG
00042103520138240054;50001;FAM
00042103520138240054;50001;SEG
00042130620108240018;50000;DMI
00042293420108240058;50002;DAN
00042371620088240079;50001;DAN
00042513420138240011;50001;AGR
00042597220118240078;50000;COM
00042606620138240020;50002;SOC
00042668420138240081;50000;SEG
00042676920108240018;50001;SEG
00043714620088240078;50000;EXP
00043800720138240054;50003;DAN
00043804620138240041;50002;EXP
00043804620138240041;50003;EXP
00043816620158240039;50001;EXP
00044308320078240073;50001;OIE
00044818420108240010;50001;MAR
00044865020128240103;50001;DAN
00044876420028240045;50000;BAN
00044994720078240031;50000;OIG
00045110320128240026;50000;SEG
00045264120098240037;50000;BAN
00045294720108240041;50001;SEG
00045294720108240041;50002;SEG
00045474520128240026;50000;OIG
00045518620138240078;50001;TIT
00045555020118240125;50001;AGR
00045595520088240008;50001;BAN
00045598520118240061;50000;DAN
00045895720088240019;50000;SEG
00046042320128240007;50000;SFH
00046167720088240039;50001;EXP
00046663320138240038;50001;AGR
00046985019998240031;50000;BAN
00047184420148240054;50002;AGR
00047412720058240079;50000;SFH
00047502820078240011;50001;EXP
00047517120058240079;50002;AGR
00047696820118240019;50000;DPV
00047777220078240023;50001;FAM
00047817920098240075;50002;AGR
00048034820098240040;50000;BAN
00048034820098240040;50000;SFH
00048295220118240080;50001;BAN
00048475920088240054;50001;AGR
00048498720118240033;50001;OIG
00048508020078240011;50001;EXP
00048525220068240054;50003;AGR
00048525720118240028;50002;AGR
00048791320108240113;50001;DAN
00048791320108240113;50002;DAN
00049235920118240028;50002;BAN
00049235920118240028;50003;BAN
00049512320138240039;50000;OIG
00049541720088240018;50001;OIG
00049567420128240073;50001;AGR
00049575920058240023;50002;PRE
00049772020098240020;50006;AGR
00049864120168240018;50000;CIV
00049899320168240018;50000;CIV
00050152720128240020;50001;FAM
00050383920138240019;50000;CON
00050395520108240075;50002;AGR
00050413020078240075;50001;EXP
00050413020078240075;50002;EXP
00050528620148240019;50000;SEG
00050585220038240028;50001;AGR
00050614820148240019;50000;SEG
00050623320148240019;50001;AGR
00051043320058240008;50002;OIE
00051849220028240075;50001;BAN
00051852320138240033;50000;AGR
00051852320138240033;50000;CDC
00051897520128240007;50001;AGR
00052049720128240054;50002;SEG
00052364920128240007;50000;DAN
00052381920088240020;50000;DAN
00052520520098240008;50001;DPV
00052573220148240079;50000;DAN
00052954220108240028;50001;TIT
00053050320118240012;50001;DAN
00053050320118240012;50002;DAN
00053050320118240012;50003;DAN
00053421420118240082;50002;AGR
00054049420088240038;50001;SEG
00054418720138240025;50000;CDC
00054496420138240025;50000;CDC
00054522920078240025;50000;OIG
00054628320118240041;50001;AGR
00054742920088240033;50000;SFH
00054755120118240019;50001;DMI
00054774720098240033;50004;AGR
00054781720138240025;50000;CDC
00054850920138240025;50000;CDC
00055489420138240005;50001;CON
00055509520088240019;50000;EXP
00055598920108240018;50000;BAN
00056022120138240018;50000;EXP
00056325120168240018;50000;CIV
00056544120098240023;50001;PRE
00056642720148240018;50000;SEG
00056682020088240036;50000;TIT
00056704720138240025;50000;CDC
00056704720138240025;50001;CDC
00056817620138240025;50002;AGR
00056817620138240025;50002;CDC
00057095619998240018;50002;TIT
00057300920118240019;50001;SEG
00057700619188240001;50001;EXP
00057743320098240040;50000;BAN
00057743320098240040;50000;SFH
00057939420028240004;50001;TIT
00058172019948240064;50001;BAN
00058331520128240008;50002;AGR
00058530520148240018;50000;SEG
00058573220078240036;50001;CDC
00059066619988240011;50002;AGR
00059244020078240054;50002;AGR
00059464520128240015;50000;DAN
00059798420078240023;50001;PRE
00060087120118240031;50001;SEG
00060621920138240079;50004;AGR
00060826220148240018;50000;SEG
00061226020118240079;50000;BAN
00061302020088240054;50000;BAN
00061484720078240031;50001;OIG
00063185120148240038;50001;AGR
00063262020128240031;50000;DAN
00063555420138240025;50000;CDC
00063624520088240082;50001;PRE
00063966020148240033;50002;DMI
00064155320148240005;50001;AGR
00064326420128240036;50001;DAN
00064633320108240011;50003;SEG
00064810420088240018;50001;OIE
00065157420128240135;50001;AGR
00065222320088240033;50002;SFH
00065222320088240033;50003;SFH
00065247620118240036;50000;OIG
00065556219988240033;50000;BAN
00065747220128240067;50000;CON
00065747220128240067;50001;CON
00066217520108240080;50002;AGR
00066813220088240011;50001;AUT
00066900220148240005;50001;DMI
00067580920088240054;50000;COM
00067945220148240018;50001;DAN
00068349220058240036;50001;COM
00068520620118240036;50000;OIG
00068795120138240025;50000;CDC
00069190920138240033;50001;AGR
00069884920148240019;50000;SEG
00069945920148240018;50000;SEG
00069954420148240018;50000;SEG
00070034420138240054;50003;AGR
00070064920108240039;50001;POS
00070213620128240075;50000;OIG
00071442320038240019;50000;CON
00071447420148240039;50001;SFH
00071742020138240080;50002;AGR
00072008820068240039;50000;AUT
00072065520168240036;50000;INF
00072128420068240045;50001;SFH
00072622320088240019;50004;AGR
00072664420008240018;50000;BAN
00072795820098240008;50001;SEG
00073395320098240033;50001;MAR
00074253120118240008;50000;OIG
00074334920108240135;50000;BUS
00074742220108240036;50004;AGR
00076018720098240005;50000;DPV
00076196120128240019;50000;SEG
00076938020148240008;50000;CON
00077068220078240054;50000;SEG
00077943220138240080;50002;AGR
00078747920108240054;50000;CON
00078975820118240064;50001;CON
00079353420038240005;50002;AGR
00079513220108240008;50000;OIG
00079658020108240019;50000;BAN
00079714020118240282;50000;AGR
00079714020118240282;50000;SEG
00080005620088240004;50001;SOC
00080012220108240020;50006;AGR
00080412820118240033;50000;OIG
00080659520098240075;50000;DMI
00080918420118240023;50000;CON
00081013920108240064;50002;AGR
00081400820068240054;50002;AGR
00082063920118240045;50002;AGR
00082844320138240019;50000;SEG
00082890720048240011;50002;SFH
00083036720088240005;50002;DAN
00083525120098240045;50000;CON
00083565320058240005;50001;POS
00083866820138240018;50000;SEG
00084166420048240036;50003;AGR
00084166420048240036;50004;AGR
00084166420048240036;50005;AGR
00084166420048240036;50006;AGR
00084759420148240038;50001;SEG
00085365720138240080;50002;AGR
00086225320058240033;50003;DAN
00086297220098240011;50004;AGR
00086314520148240018;50000;SEG
00086315320128240038;50002;AGR
00086315320128240038;50002;SEG
00086721220148240018;50001;SEG
00086739420148240018;50001;SEG
00087917419988240004;50002;BAN
00088106820128240011;50001;DAN
00088330820168240000;50002;AGR
00089065920078240011;50000;OIE
00089394120118240033;50004;AGR
00089511120118240080;50000;OIG
00089611020128240019;50002;AGR
00089736920098240038;50002;CON
00089820320148240023;50004;AGR
00089820320148240023;50004;DAN
00089820320148240023;50006;AGR
00089820320148240023;50006;DAN
00089820320148240023;50007;AGR
00089820320148240023;50007;DAN
00089852720018240018;50011;SFH
00090116120138240064;50001;TIT
00090400820128240045;50000;DMI
00090437920098240008;50001;OIG
00090813720088240005;50000;CON
00091112820128240039;50000;POS
00091666920108240064;50004;TIT
00091805020088240023;50001;DAN
00092063920168240000;50002;EXP
00092124620168240000;50001;EXP
00092124620168240000;50002;EXP
00092141620168240000;50000;EXP
00092613820138240018;50001;SEG
00093286720128240008;50002;AGR
00094168120078240008;50001;EXP
00094792720088240023;50000;TIT
00094994819998240018;50001;TIT
00095079420068240045;50002;AGR
00095276820138240036;50002;AGR
00095916820078240075;50002;AGR
00096723320168240000;50001;EXP
00096723320168240000;50002;EXP
00097083620088240039;50003;AGR
00097096020168240000;50002;EXP
00097096020168240000;50003;EXP
00097160320138240018;50001;AGR
00097549320098240005;50001;CON
00097854020148240005;50002;AGR
00098395020168240000;50002;EXP
00098523420128240018;50001;SEG
00098668120138240018;50001;SEG
00098710620138240018;50001;SEG
00098961320088240012;50000;EXP
00099001120048240038;50002;DAN
00099001120048240038;50004;DAN
00099623720028240033;50006;CON
00099770220128240018;50000;SEG
00099804619968240008;50000;CON
00100222720128240011;50000;DMI
00100387220168240000;50002;AGR
00100855020118240023;50000;OIG
00100860620058240036;50003;AGR
00100860620058240036;50004;AGR
00100860620058240036;50005;AGR
00100860620058240036;50006;AGR
00101045020108240004;50000;OIG
00101300520078240020;50000;COM
00101573320168240000;50000;EXP
00102086720108240125;50002;AGR
00102258020168240000;50001;EXP
00102258020168240000;50002;EXP
00102396420168240000;50001;EXP
00102396420168240000;50002;EXP
00102457120168240000;50000;EXP
00102587020168240000;50001;EXP
00102587020168240000;50002;EXP
00103725120118240075;50001;AUT
00103725120118240075;50002;AUT
00103800520128240039;50000;DMI
00103833820168240000;50001;EXP
00103833820168240000;50002;EXP
00104241520018240005;50001;CON
00104241520018240005;50001;POS
00104353420168240000;50001;EXP
00104353420168240000;50002;EXP
00104413120138240005;50000;BAN
00104483320168240000;50001;EXP
00104483320168240000;50002;EXP
00104505620148240005;50001;SEG
00104657620138240064;50001;FAM
00105938920168240000;50000;BUS
00106155020168240000;50001;EXP
00106155020168240000;50002;EXP
00106156320098240075;50001;AGR
00106596920168240000;50002;RAI
00106791120138240018;50001;SEG
00106802920078240075;50001;AGR
00107055220138240036;50003;TIT
00107055220138240036;50004;TIT
00107071620138240038;50000;OIG
00107218820098240054;50000;CON
00107937520108240075;50007;AGR
00108337820168240000;50000;AGR
00108473220088240036;50002;SEG
00108830720168240000;50000;OIE
00109964820108240039;50001;BAN
00110255820108240020;50001;CON
00110255820108240020;50002;CON
00110294619998240064;50000;BAN
00110979520168240000;50001;EXP
00110979520168240000;50002;EXP
00111281820168240000;50002;EXP
00111281820168240000;50003;EXP
00111904320138240039;50001;COM
00112237720098240005;50000;DAN
00112450920078240005;50001;CON
00113442120138240020;50000;DAN
00113581120138240018;50000;SEG
00114356020078240008;50002;OIG
00114581520168240000;50001;OIE
00115357120108240020;50002;DAN
00115357120108240020;50003;DAN
00115357120108240020;50004;DAN
00115612220168240000;50001;EXP
00115753020128240005;50002;DAN
00115872120128240045;50001;CON
00116940920118240075;50003;DAN
00116940920118240075;50004;DAN
00117530220108240020;50002;AGR
00117547920118240075;50004;AGR
00117547920118240075;50005;AGR
00117547920118240075;50005;AUT
00118897320128240005;50002;CON
00120253420138240038;50001;BAN
00120274920098240036;50002;AGR
00122478520118240033;50000;CON
00122478520118240033;50000;RAI
00123220320068240033;50001;AGR
00123405320108240075;50000;BAN
00123705420138240020;50001;AGR
00124416620078240020;50000;OIE
00124548219998240008;50001;TIT
00124785320108240064;50002;AGR
00126691120048240064;50001;CON
00126829120128240011;50002;AGR
00127302220118240064;50000;OIG
00127353220048240018;50001;DAN
00127369120118240011;50001;TIT
00127483120048240018;50000;TIT
00127629720148240039;50001;EXP
00127629720148240039;50002;EXP
00130321420108240023;50001;DPV
00131395919998240018;50000;BAN
00131492020108240018;50001;SEG
00131981620128240075;50001;BAN
00132055220078240020;50001;DAN
00132067620138240036;50002;BAN
00132067620138240036;50003;AGR
00132093620008240020;50001;BUS
00132789820058240018;50002;AGR
00133785920118240045;50002;SOC
00134871220128240054;50003;AGR
00135180920148240039;50001;AGR
00136515120148240039;50001;EXP
00136641420108240064;50001;DAN
00136738520128240005;50000;DAN
00136743920108240038;50002;AGR
00136743920108240038;50002;DAN
00136826520138240020;50001;AUT
00136893920088240018;50002;OIG
00136893920088240018;50003;OIG
00137638820028240023;50005;AGR
00137638820028240023;50006;AGR
00137799420128240054;50004;AGR
00139071720128240054;50002;OIG
00139080220128240054;50003;AGR
00139140920128240054;50004;AGR
00139323020128240054;50004;AGR
00140123920118240018;50002;DAN
00140123920118240018;50003;DAN
00140691220128240054;50006;AGR
00141329620138240023;50001;CDC
00141329620138240023;50002;CDC
00141644920138240008;50000;CDC
00141717220108240064;50002;AGR
00141860320128240054;50000;OIG
00142376720098240038;50002;AGR
00142376720098240038;50002;SEG
00145022720138240039;50001;CON
00145226020098240038;50002;AGR
00147183220068240039;50001;POS
00147611819998240005;50001;CON
00147611819998240005;50001;POS
00147804120078240038;50003;AGR
00148213020098240008;50000;OIG
00148314020108240008;50002;AGR
00148545420088240008;50000;OIG
00148792820128240008;50003;AGR
00150586820128240005;50002;AGR
00150631120138240020;50001;CON
00151918620038240018;50001;DAN
00152075220108240064;50000;BAN
00152544320098240005;50001;BUS
00152596919998240020;50001;BAN
00152705520138240005;50000;CON
00153755920078240064;50002;AGR
00153926820138240005;50000;TIT
00154295620138240018;50001;SEG
00155133820098240005;50001;MAR
00155851120128240008;50001;OIG
00155975720088240075;50001;OIG
00156085220118240020;50003;AGR
00156085220118240020;50004;AGR
00156085220118240020;50005;AGR
00156085220118240020;50006;AGR
00156357020138240018;50000;SEG
00156449620128240008;50001;CDC
00156449620128240008;50002;CDC
00158184120138240018;50000;SEG
00158533320088240064;50002;AGR
00158697720028240005;50001;TIT
00159093320108240020;50002;CON
00159281920098240038;50005;AGR
00159502420118240033;50001;AGR
00159502420118240033;50002;AGR
00159641920138240039;50000;BAN
00159985720138240018;50002;AGR
00162560720138240038;50000;DAN
00163410620018240008;50003;AGR
00163410620018240008;50004;AGR
00163950420138240023;50000;BAN
00164508620128240023;50000;CON
00165420520128240075;50001;BAN
00165435320118240033;50000;OIG
00166364020078240038;50001;AGR
00166905620138240018;50000;SEG
00166914120138240018;50000;SEG
00167399720138240018;50001;SEG
00168273820138240018;50001;SEG
00168672520118240039;50000;DAN
00168672520118240039;50003;DAN
00168672520118240039;50004;DAN
00168672520118240039;50005;DAN
00169171520078240064;50003;SFH
00171199120118240018;50002;CON
00171409720118240008;50002;AGR
00172961420118240064;50004;PRE
00174240720138240018;50001;SEG
00174733320138240023;50003;AGR
00175001620138240023;50002;DAN
00175443520138240023;50000;DAN
00176405020138240023;50001;DAN
00176690320138240023;50001;DAN
00176725520138240023;50004;AGR
00176803220138240023;50002;DAN
00176838420138240023;50001;DAN
00176993820138240023;50002;DAN
00177192920138240023;50002;DAN
00177201420138240023;50001;DAN
00177236620138240023;50001;DAN
00177675520138240033;50001;CON
00178813320138240020;50001;AGR
00178813320138240020;50001;SEG
00179052820088240023;50002;PRE
00179208820138240033;50000;CDC
00179442520088240023;50004;AGR
00179442520088240023;50005;AGR
00179881920098240020;50000;CON
00180926520108240023;50003;AGR
00181157020168240000;50002;OIE
00182280320088240033;50003;AGR
00182499720168240000;50001;AGR
00182653920138240038;50000;CON
00182653920138240038;50001;CON
00182924820058240023;50002;PRE
00183222020138240018;50001;SEG
00183309420138240018;50001;SEG
00183363420138240008;50001;CDC
00183363420138240008;50002;CDC
00183522920128240038;50003;SEG
00183599620168240000;50002;OIE
00184976320168240000;50001;EXP
00184976320168240000;50002;EXP
00185114720168240000;50002;EXP
00185244620168240000;50002;EXP
00185341020078240064;50000;SFH
00185862620038240038;50001;FAM
00186753420128240038;50000;TIT
00186767920128240018;50001;AUT
00186902820108240020;50000;DAN
00187650820138240038;50001;DAN
00189202320168240000;50001;EXP
00189202320168240000;50002;EXP
00189583520168240000;50002;OIE
00189652720168240000;50001;OIE
00189947720168240000;50001;OIE
00189957020108240033;50003;TIT
00191310320128240064;50001;AGR
00192398820168240000;50001;OIE
00192921920108240020;50000;AGR
00192921920108240020;50000;EXP
00193747420028240038;50001;DAN
00194806220168240000;50003;EXP
00195238120128240018;50000;CON
00195599720118240038;50001;AGR
00196983020128240033;50000;DAN
00197500820128240039;50001;AGR
00198936020128240018;50001;AGR
00200631720128240023;50001;SEG
00200758020118240018;50002;SEG
00201340520118240039;50001;COM
00201360420138240039;50001;EXP
00201709120168240000;50001;EXP
00201820820168240000;50001;EXP
00203174720098240038;50001;DAN
00203436620138240018;50001;SEG
00203488820138240018;50000;SEG
00204023920138240023;50001;SFH
00204177220168240000;50003;EXP
00204177220168240000;50004;EXP
00204393320168240000;50001;EXP
00204423720118240008;50002;AGR
00205377520048240020;50000;BAN
00205722520108240020;50000;BAN
00205722520108240020;50000;BUS
00207607120138240033;50001;AGR
00207637420068240064;50002;AGR
00211271420128240039;50000;OIG
00211531720098240039;50002;AGR
00213140320078240005;50002;AGR
00213480220088240018;50000;DAN
00213592620128240039;50002;AGR
00213879120128240039;50000;OIG
00214297220138240018;50001;SEG
00214305720138240018;50001;SEG
00214366420138240018;50002;SEG
00214906720138240038;50001;OIG
00215431120138240018;50001;SEG
00215457820138240018;50001;SEG
00217473220068240008;50001;OIG
00217501020138240018;50002;AGR
00218388220128240018;50001;SEG
00218922420078240018;50001;EXP
00219486620128240023;50000;BAN
00220025320078240008;50001;OIE
00220025320078240008;50001;OIG
00220211920138240018;50001;CON
00220633920128240039;50001;OIG
00220633920128240039;50002;OIG
00220771820058240023;50001;PRE
00221040620128240039;50001;OIG
00221508720058240023;50004;AGR
00221508720058240023;50005;AGR
00221534520078240064;50003;SOC
00221863720128240039;50000;OIG
00221924420128240039;50001;OIG
00221976620128240039;50000;OIG
00222669820128240039;50002;OIG
00226729320108240038;50000;INF
00226829620118240008;50000;BAN
00230747420098240018;50002;CON
00232718720138240018;50000;SEG
00233238420118240008;50000;OIG
00233747620038240008;50000;BAN
00236101320128240008;50000;CON
00237571820038240020;50002;POS
00237969720088240033;50002;PRE
00238324220128240020;50001;AGR
00238824020138240018;50001;SEG
00239613820128240023;50001;OIG
00240915120108240038;50002;DAN
00241311920128240020;50002;AGR
00241519720058240038;50000;CDC
00241524519968240023;50001;SOC
00242291620078240008;50001;OIE
00244055220138240018;50001;SEG
00244176620138240018;50001;SEG
00245822620078240018;50001;BUS
00246344720108240008;50002;COM
00246595520138240008;50000;CDC
00247035420078240018;50001;SEG
00247037920108240008;50000;BAN
00247714320168240000;50001;EXP
00247714320168240000;50002;EXP
00247731320168240000;50002;EXP
00247731320168240000;50003;EXP
00247783520168240000;50001;EXP
00247783520168240000;50002;EXP
00247818720168240000;50002;EXP
00247835720168240000;50001;EXP
00247835720168240000;50002;EXP
00247852720168240000;50001;EXP
00247896420168240000;50001;EXP
00247982620168240000;50002;AGR
00248017820168240000;50001;EXP
00248051820168240000;50001;EXP
00248051820168240000;50002;EXP
00248095520168240000;50003;AGR
00248095520168240000;50004;AGR
00248095520168240000;50005;AGR
00248095520168240000;50005;EXP
00248164720168240000;50003;AGR
00248164720168240000;50004;AGR
00248164720168240000;50005;AGR
00248164720168240000;50005;EXP
00248173220168240000;50001;EXP
00248173220168240000;50002;EXP
00248329820168240000;50001;EXP
00248329820168240000;50003;EXP
00248719520168240000;50001;EXP
00248719520168240000;50002;EXP
00249281620168240000;50001;EXP
00249394520168240000;50002;EXP
00249394520168240000;50003;EXP
00249515920168240000;50000;EXP
00249559620168240000;50000;EXP
00249559620168240000;50000;RAI
00250668020168240000;50001;EXP
00251420720168240000;50001;EXP
00251438920168240000;50000;EXP
00251455920168240000;50001;EXP
00251525120168240000;50000;EXP
00252945520168240000;50001;EXP
00253058820118240023;50001;AGR
00253083020078240008;50005;AGR
00253456620168240000;50002;AGR
00255551320108240038;50003;AGR
00255864020168240000;50000;EXP
00257741120118240064;50000;DAN
00258492320138240018;50000;SEG
00259422320058240064;50001;COM
00259422620078240008;50001;OIE
00259673820098240018;50002;SEG
00260341320168240000;50004;AGR
00260341320168240000;50005;AGR
00260341320168240000;50006;AGR
00260523420168240000;50000;EXP
00261554120168240000;50000;EXP
00261640320168240000;50000;EXP
00261788420168240000;50001;AGR
00261857620168240000;50001;EXP
00261930920108240018;50002;AGR
00262048220168240000;50001;EXP
00262437920168240000;50001;EXP
00262437920168240000;50002;EXP
00262446420168240000;50001;EXP
00262446420168240000;50002;EXP
00262758420168240000;50001;EXP
00262758420168240000;50002;EXP
00262767820088240023;50000;COM
00262767820088240023;50000;OIG
00262767820088240023;50001;COM
00262767820088240023;50001;OIG
00263278920088240023;50003;AGR
00263338520078240038;50000;CON
00263472220138240018;50000;SEG
00264485920138240018;50004;AGR
00265034420128240018;50001;EXP
00267345620128240023;50001;CON
00269668620138240038;50000;DMI
00272419520138240018;50000;SEG
00272436520138240018;50002;AGR
00276325020138240018;50002;AGR
00277450320108240020;50001;OIG
00277827320108240038;50000;SEG
00277888520078240038;50002;EXP
00279079620138240018;50000;SEG
00279575920128240018;50001;SEG
00280640220138240008;50001;CDC
00282294920138240008;50004;AGR
00283865620128240008;50000;OIG
00283960320128240008;50000;OIG
00284454420128240008;50000;OIG
00284820720138240018;50001;SEG
00284989220128240018;50001;SEG
00284989220128240018;50002;SEG
00285640520128240008;50001;AGR
00287840320128240008;50001;OIG
00289019120128240008;50000;OIG
00289645020098240064;50001;SFH
00290785520128240008;50000;OIG
00291781020128240008;50000;OIG
00293140720128240008;50001;OIG
00293187720138240018;50000;SEG
00293720820078240033;50001;EXP
00293720820078240033;50002;EXP
00295315020128240008;50000;OIG
00296183920138240018;50001;SEG
00297670220128240008;50000;OIG
00297704820088240023;50001;PRE
00300078820128240008;50001;OIG
00301204220128240008;50000;OIG
00304454020108240023;50000;OIG
00307664520018240038;50002;DAN
00309552820078240033;50001;FAA
00309552820078240033;50001;OIE
00312201720168240000;50001;EXP
00313839420168240000;50001;EXP
00318178320168240000;50001;EXP
00319035420168240000;50003;EXP
00319173820168240000;50001;OIE
00320680420168240000;50000;EXP
00321061620168240000;50001;OIE
00322647120168240000;50002;OIE
00323035620058240064;50002;CON
00323035620058240064;50003;CON
00324283620168240000;50003;RAI
00324379520168240000;50001;EXP
00324379520168240000;50002;EXP
00327176620168240000;50001;EXP
00329255020168240000;50001;EXP
00331507020168240000;50001;EXP
00331601720168240000;50002;EXP
00331601720168240000;50003;EXP
00331767720088240023;50001;PRE
00331888220168240000;50002;FAL
00332372620168240000;50001;AGR
00332623920168240000;50002;AGR
00333013620168240000;50001;OIE
00335724520168240000;50000;EXP
00335993220118240023;50000;PRE
00336426220168240000;50000;SFH
00336443220168240000;50002;AGR
00336599820168240000;50001;AGR
00337016320078240033;50002;AGR
00343631220078240038;50006;AGR
00345156020078240038;50001;OIG
00345396420028240038;50002;BAN
00345535319998240038;50000;TIT
00349798620168240000;50005;AGR
00350006220168240000;50002;RAI
00354587920168240000;50001;EXP
00356215920168240000;50001;OIE
00360150720108240023;50000;DPV
00363370220078240033;50001;OIG
00364890620058240038;50001;OIG
00365516520138240038;50000;DAN
00378952920138240023;50002;AGR
00381553220118240038;50002;POS
00381553220118240038;50003;POS
00382284320078240038;50002;AGR
00387015320128240038;50001;CON
00389877520058240038;50002;AGR
00390365420118240023;50001;BAN
00390365420118240023;50002;BAN
00395741920138240038;50002;CDC
00399925920108240038;50001;CON
00399925920108240038;50002;CON
00407593420098240038;50001;SEG
00413521120098240023;50000;PRE
00413854020058240023;50000;EXP
00418071419988240038;50001;AGR
00419245920128240023;50002;AGR
00430147320108240023;50000;DMI
00437964620118240023;50000;CON
00439751420108240023;50002;AGR
00444903519998240023;50001;BAN
00455999820108240023;50002;AGR
00458628520108240038;50001;SEG
00458628520108240038;50003;AGR
00461164020098240023;50003;CDC
00461417620078240038;50001;OIG
00465464920068240038;50001;DAN
00469672120058240023;50001;PRE
00471738820128240023;50000;CDC
00471963920098240023;50004;AGR
00473716220118240023;50000;OIG
00473838120088240023;50002;PRE
00480662120088240023;50001;PRE
00482610620088240023;50001;DAN
00482610620088240023;50002;DAN
00486386920118240023;50002;DMI
00486386920118240023;50003;DMI
00488631020128240038;50000;DAN
00488631020128240038;50001;DAN
00491103020088240038;50000;CON
00494519620118240023;50001;OIG
00494519620118240023;50002;OIG
00499227220088240038;50000;OIG
00499227220088240038;50004;OIG
00502801420108240023;50000;CDC
00507016720118240023;50000;CON
00507106320108240023;50002;AGR
00508079720098240023;50001;CON
00526748520068240038;50002;AGR
00529292520058240023;50002;PRE
00536368520088240023;50002;AGR
00544432120128240038;50001;DAN
00545948420128240038;50000;OIG
00546849220128240038;50000;OIG
00547013120128240038;50000;OIG
00547117520128240038;50000;OIG
00547350620128240038;50001;OIG
00548334120098240023;50001;PRE
00549273620128240038;50000;OIG
00550191420128240038;50000;OIG
00550650320128240038;50000;OIG
00550729220128240038;50002;OIG
00550806920128240038;50000;OIG
00550936820128240038;50000;OIG
00551932320128240038;50000;OIG
00552357220128240038;50000;OIG
00553742420128240038;50001;BAN
00553742420128240038;50001;OIG
00553750920128240038;50000;OIG
00555925220128240038;50000;OIG
00556063620128240038;50000;OIG
00557826020128240023;50001;DAN
00561892120128240038;50000;OIG
00563295520128240038;50000;OIG
00563477620128240038;50000;OIG
00565131120128240038;50000;OIG
00567357620128240038;50000;OIG
00567833520128240038;50000;OIG
00568275420128240038;50000;OIG
00569201720128240038;50000;OIG
00570483720128240038;50000;OIG
00570535920128240038;50000;OIG
00571020320128240038;50000;OIG
00578486520128240038;50001;CON
00579075320128240038;50000;OIG
00579854720128240038;50000;OIG
00581106520098240023;50001;PRE
00581106520098240023;50002;PRE
00586657720128240023;50002;AGR
00586657720128240023;50003;AGR
00596738920128240023;50000;OIG
00605036020098240023;50002;COM
00625409420088240023;50000;TIT
00634680620128240023;50000;TIT
00646794820108240023;50000;DAN
00650703620028240038;50001;DAN
00650703620028240038;50002;DAN
00653370920098240023;50002;OIG
00711069520098240023;50000;AGR
00713138920128240023;50002;AGR
00781240720088240023;50001;AGR
00791755320088240023;50004;OIG
00796212220098240023;50000;BAN
00800993020098240023;50000;CON
00801409420098240023;50001;PRE
00803391920098240023;50001;CON
00809588020088240023;50003;EXP
00809588020088240023;50005;EXP
00809588020088240023;50005;PRE
00809588020088240023;50006;EXP
00809588020088240023;50006;PRE
00824657620088240023;50001;OIG
00824657620088240023;50002;OIG
00852526720078240038;50001;SFH
00871601020078240023;50001;PRE
00916126320078240023;50001;PRE
00927506520078240023;50000;SEG
00952041920098240000;50001;PRE
00973509620108240000;50004;RAI
00973509620108240000;50005;RAI
00973509620108240000;50007;RAI
00989569520078240023;50000;EXP
01009124920078240023;50002;PRE
01009332520078240023;50000;EXP
01025987620078240023;50000;EXP
01034110620078240023;50001;AGR
01046172220108240000;50002;CON
01051302320078240023;50001;PRE
01051302320078240023;50004;PRE
01091534220118240000;50003;PRE
01132201120158240000;50001;EXP
01132201120158240000;50002;EXP
01132963520158240000;50001;EXP
01139027220078240023;50001;OIE
01139260320078240023;50000;DMI
01145123120158240000;50001;EXP
01145123120158240000;50002;EXP
01147322920158240000;50001;EXP
01147322920158240000;50002;EXP
01150691820158240000;50004;PRE
01150691820158240000;50005;PRE
01151584120158240000;50004;AGR
01151584120158240000;50004;EXP
01151584120158240000;50005;AGR
01151584120158240000;50005;EXP
01195485420158240000;50000;CDC
01204149620148240000;50001;OIE
01218802820148240000;50002;AGR
01221618120148240000;50002;AGR
01223693120158240000;50001;RAI
01226810720158240000;50005;AGR
01226810720158240000;50005;EXP
01226810720158240000;50008;AGR
01226810720158240000;50008;EXP
01228266320158240000;50001;EXP
01228266320158240000;50002;EXP
01237873820148240000;50002;AGR
01257868920158240000;50001;OIE
01264866520158240000;50007;EXP
01293432120148240000;50001;EXP
01293432120148240000;50002;EXP
01299945320148240000;50000;EXP
01303903020148240000;50003;RAI
01337235320158240000;50001;EXP
01337235320158240000;50002;EXP
01342370620158240000;50002;EXP
01352200520158240000;50000;EXP
01359008720158240000;50001;EXP
01359008720158240000;50002;EXP
01359943520158240000;50004;RAI
01359943520158240000;50005;RAI
01360016120148240000;50002;AGR
01360081920158240000;50010;EXP
01362411620158240000;50000;EXP
01362411620158240000;50001;EXP
01370977720158240000;50002;EXP
01377602620158240000;50001;EXP
01377602620158240000;50002;EXP
01378962320158240000;50001;EXP
01378962320158240000;50002;EXP
01379508620158240000;50000;FAA
01379508620158240000;50000;OIE
01384800220078240023;50001;PRE
01386619120158240000;50001;EXP
01386619120158240000;50002;EXP
01389173420158240000;50001;EXP
01389510920158240000;50002;AGR
01397894920158240000;50003;EXP
01400103220158240000;50001;EXP
01400103220158240000;50002;EXP
01402874820158240000;50010;AGR
01409153720158240000;50002;AGR
01413674720158240000;50003;EXP
01415294220158240000;50002;FAL
01417753820158240000;50001;FAL
01418163920148240000;50001;EXP
01418163920148240000;50002;EXP
01419012520148240000;50002;EXP
01419012520148240000;50003;EXP
01421853320148240000;50001;EXP
01421853320148240000;50002;EXP
01424579020158240000;50002;OIE
01425748120158240000;50000;EXP
01426007920158240000;50000;EXP
01429653620158240000;50001;EXP
01429653620158240000;50002;EXP
01431431920148240000;50001;OIE
01432572120158240000;50001;EXP
01432572120158240000;50002;EXP
01434260820158240000;50000;EXP
01434260820158240000;50001;EXP
01434408920158240000;50001;EXP
01434408920158240000;50002;EXP
01434408920158240000;50003;EXP
01435750420158240000;50000;EXP
01435750420158240000;50001;EXP
01436418120158240000;50001;EXP
01436418120158240000;50002;EXP
01439885120148240000;50002;EXP
01439885120148240000;50003;EXP
01444986420148240000;50001;EXP
01444986420148240000;50002;EXP
01446282020158240000;50001;EXP
01448144320158240000;50000;EXP
01451452520158240000;50001;OIE
01459674820148240000;50001;EXP
01459674820148240000;50002;EXP
01465405220158240000;50002;AGR
01465449820078240023;50001;PRE
01465449820078240023;50004;PRE
01467353720158240000;50001;EXP
01476043420148240000;50002;EXP
01476043420148240000;50003;EXP
01476871620158240000;50002;AGR
01480339820148240000;50001;EXP
01480339820148240000;50002;EXP
01483254920158240000;50001;EXP
01485431420148240000;50002;EXP
01485431420148240000;50003;EXP
01486181920158240000;50005;COM
01486181920158240000;50005;PRE
01486450220158240000;50001;OIE
01488295520158240000;50001;EXP
01489009120148240000;50001;EXP
01489009120148240000;50002;EXP
01492426820158240000;50001;RAI
01492911220158240000;50001;RAI
01501376320148240000;50003;EXP
01501376320148240000;50004;EXP
01501809720148240000;50001;EXP
01501809720148240000;50002;EXP
01505386220148240000;50001;EXP
01505386220148240000;50004;EXP
01506486120148240000;50004;EXP
01506486120148240000;50005;EXP
01506486120148240000;50007;EXP
01507481620148240000;50006;AGR
01507617820158240000;50004;SEG
01509006420148240000;50001;EXP
01509006420148240000;50002;EXP
01509127820148240000;50001;EXP
01509127820148240000;50002;EXP
01509699620148240000;50001;OIE
01509956020158240000;50002;AGR
01515394820158240000;50001;EXP
01516295620158240000;50001;EXP
01520131920158240000;50002;AGR
01521803620158240000;50002;EXP
01522981220158240000;50001;EXP
01522981220158240000;50002;EXP
01524912720158240000;50001;RAI
01525017120158240000;50002;EXP
01527185120148240000;50001;EXP
01527185120148240000;50002;EXP
01533036920158240000;50002;EXP
01533053920158240000;50002;EXP
01533106120158240000;50002;EXP
01533850320158240000;50001;EXP
01536033120158240000;50002;AGR
01540009020158240000;50002;RAI
01540009020158240000;50003;RAI
01540181420158240000;50001;EXP
01540181420158240000;50002;EXP
01541085620148240000;50001;DAN
01541714720158240000;50002;EXP
01542225820158240000;50001;EXP
01542225820158240000;50002;EXP
01545456320158240000;50002;RAI
01545456320158240000;50003;RAI
01548435520158240000;50001;EXP
01548435520158240000;50002;EXP
01549483220158240000;50001;EXP
01549483220158240000;50002;EXP
01549665320158240000;50001;EXP
01549665320158240000;50002;EXP
01549726020158240000;50001;EXP
01549726020158240000;50002;EXP
01550557620158240000;50001;EXP
01550557620158240000;50002;EXP
01550643820158240000;50001;EXP
01550643820158240000;50002;EXP
01550687520158240000;50001;EXP
01550687520158240000;50002;EXP
01550739720158240000;50001;EXP
01550739720158240000;50002;EXP
01550972820158240000;50001;EXP
01550972820158240000;50002;EXP
01551068720158240000;50001;EXP
01551085720158240000;50001;EXP
01551102720158240000;50001;EXP
01551102720158240000;50002;EXP
01551111220158240000;50002;EXP
01551111220158240000;50003;EXP
01551146420158240000;50002;AGR
01551146420158240000;50002;EXP
01551163420158240000;50001;EXP
01551163420158240000;50002;EXP
01551180420158240000;50001;EXP
01551180420158240000;50002;EXP
01553216320158240000;50001;EXP
01556264720158240000;50001;EXP
01558135520158240000;50001;EXP
01558135520158240000;50002;EXP
01558144020158240000;50002;AGR
01558144020158240000;50002;EXP
01559486720158240000;50002;OIE
01559755020158240000;50001;EXP
01561512920158240000;50001;EXP
01561512920158240000;50002;EXP
01561764220158240000;50001;EXP
01561764220158240000;50002;EXP
01561841920158240000;50001;AGR
01562353020158240000;50002;OIE
01562682020158240000;50002;EXP
01562682020158240000;50003;EXP
01562725720158240000;50001;EXP
01562725720158240000;50002;EXP
01562811920158240000;50001;EXP
01563080220158240000;50000;EXP
01563080220158240000;50001;EXP
01563548820158240000;50001;EXP
01563548820158240000;50002;EXP
01563582820158240000;50001;EXP
01563582820158240000;50002;EXP
01563652020158240000;50002;AGR
01563652020158240000;50002;EXP
01563678720158240000;50001;EXP
01565254520158240000;50002;OIE
01565392920158240000;50001;EXP
01565462120158240000;50002;EXP
01565566520158240000;50002;EXP
01565652720158240000;50001;EXP
01565687920158240000;50001;EXP
01565687920158240000;50002;EXP
01565748620158240000;50003;AGR
01565851820158240000;50002;EXP
01565851820158240000;50003;EXP
01565878520158240000;50002;EXP
01565887020158240000;50002;EXP
01565887020158240000;50003;EXP
01565921020158240000;50001;EXP
01565921020158240000;50002;EXP
01566224520158240000;50001;EXP
01566224520158240000;50002;EXP
01566683420158240000;50001;EXP
01568302920158240000;50001;EXP
01568302920158240000;50002;EXP
01569925820148240000;50001;EXP
01569925820148240000;50002;EXP
01569957620158240000;50001;EXP
01569957620158240000;50002;EXP
01569983120158240000;50001;EXP
01569983120158240000;50002;EXP
01570148220158240000;50001;EXP
01570278120158240000;50002;EXP
01570347320158240000;50001;EXP
01570347320158240000;50002;EXP
01571057520158240000;50001;EXP
01571057520158240000;50002;EXP
01572390520158240000;50001;EXP
01572390520158240000;50002;EXP
01572469420158240000;50001;EXP
01572962320158240000;50001;EXP
01575006720158240000;50001;EXP
01575006720158240000;50002;EXP
01575604020158240000;50001;EXP
01575604020158240000;50002;EXP
01580315620158240000;50001;EXP
01580749020158240000;50001;EXP
01580749020158240000;50002;EXP
01581069520158240000;50002;AGR
01581069520158240000;50002;EXP
01583038420148240000;50001;EXP
01583038420148240000;50002;EXP
01584986920148240000;50001;EXP
01584986920148240000;50002;EXP
01585875820158240000;50002;AGR
01586960920148240000;50000;EXP
01588927620148240000;50001;OIE
01590243620148240000;50009;AGR
01591248820148240000;50003;OIE
01591785420148240000;50002;EXP
01591785420148240000;50003;EXP
01592677720148240000;50000;RAI
01592677720148240000;50000;TIT
01593846820148240000;50001;EXP
01593846820148240000;50002;EXP
01621165620138240000;50001;AGR
01621165620138240000;50002;AGR
01680656120138240000;50001;SUC
01691386820138240000;50002;EXP
01705243620138240000;50003;EXP
01705287320138240000;50002;EXP
01706135920138240000;50000;EXP
01709452620138240000;50001;EXP
01729589520138240000;50003;EXP
01729589520138240000;50004;EXP
01732577220138240000;50002;EXP
01789901920138240000;50004;EXP
01789901920138240000;50005;EXP
01790170220138240000;50007;EXP
01790170220138240000;50008;EXP
01791349020138240000;50006;EXP
01791349020138240000;50007;EXP
01885071920118240000;50002;RAI
01885071920118240000;50003;RAI
01901625520138240000;50000;FAL
01901625520138240000;50001;FAL
01987242420118240000;50002;RAI
01997704820118240000;50003;RAI
01997704820118240000;50004;RAI
02009734520118240000;50001;RAI
02111278820128240000;50001;EXP
02222810620128240000;50001;AGR
02246281220128240000;50001;RAI
02274645520128240000;50001;DAN
02276438620128240000;50001;FAA
03000029420148240119;50000;POS
03000033120148240135;50001;DPV
03000064320148240019;50001;SEG
03000072320178240019;50000;DMI
03000093220168240082;50001;CIV
03000118020148240014;50000;DAN
03000166320168240069;50001;DMI
03000169620168240058;50002;FAM
03000191520148240125;50001;CON
03000202720148240019;50001;SEG
03000208020158240087;50001;SEG
03000213420168240086;50000;BUS
03000324620168240124;50001;TIT
03000324620168240124;50002;BAN
03000357220158240144;50001;BUS
03000404620148240042;50000;DMI
03000462520148240019;50000;SEG
03000493420158240216;50000;CON
03000495120168240005;50001;CON
03000534020148240076;50001;AGR
03000559120158240167;50002;CON
03000559120158240167;50003;CON
03000567320178240113;50001;AGR
03000568520148240143;50001;TIT
03000625220158240048;50002;AGR
03000643220178240022;50001;AGR
03000697220158240071;50000;DMI
03000787320158240058;50001;SEG
03000798120168240039;50000;DMI
03000991520168240058;50001;DMI
03000991520168240058;50002;AGR
03001034720148240050;50000;EXP
03001192120148240011;50001;DMI
03001392920148240167;50000;DMI
03001393020158240026;50000;BUS
03001393020158240026;50000;DMI
03001415920148240050;50001;CON
03001430720148240025;50000;BAN
03001430720158240046;50001;DMI
03001565320168240019;50001;SEG
03001721220178240006;50001;BUS
03001729720168240086;50000;BUS
03001826520158240058;50000;CON
03001842220158240030;50000;DAN
03001862520158240019;50002;AGR
03001888720168240074;50000;BUS
03001924220148240124;50000;EXP
03001960320158240041;50001;AGR
03002213520148240143;50001;BAN
03002241620158240026;50000;BAN
03002241620158240026;50001;BAN
03002252720178240027;50000;DMI
03002343920178240075;50001;BAN
03002502220148240067;50000;SEG
03002656920158240256;50001;DAN
03002657420148240007;50002;AGR
03002728020148240067;50004;DAN
03002772320178240124;50000;BUS
03002775120168240029;50002;AGR
03002876620168240071;50001;AGR
03002987520168240013;50002;AGR
03002989620148240061;50001;AGR
03003088620178240045;50002;AGR
03003108120158240027;50000;DMI
03003123520148240076;50000;DMI
03003208320168240256;50000;DMI
03003337220168240033;50002;CON
03003337220168240033;50003;CON
03003390720168240057;50001;AGR
03003405620158240144;50003;AGR
03003478820168240087;50001;DAN
03003602620168240075;50001;BAN
03003684920168240092;50001;AGR
03003733320158240019;50002;SEG
03003875120148240019;50001;SEG
03004062820178240027;50000;CON
03004077420168240018;50000;SEG
03004189720188240062;50001;BUS
03004472420148240019;50000;SEG
03004618320178240057;50000;CON
03004621020148240175;50000;EXP
03004645820178240018;50000;SEG
03004649220168240018;50000;SEG
03004651120158240019;50001;SEG
03004691720148240073;50000;EXP
03004720320158240019;50000;SEG
03004756320168240005;50000;DMI
03004779220188240092;50000;BAN
03004818620158240011;50001;CON
03004906720168240058;50001;SEG
03004949820148240018;50000;DMI
03004983520148240019;50002;AGR
03005068220178240091;50000;FAM
03005156120168240032;50001;EXP
03005364420148240020;50002;AGR
03005433620158240235;50001;SEG
03005482220148240032;50001;EXP
03005482220148240032;50002;EXP
03005530620168240119;50000;BAN
03005611020148240068;50000;DAN
03005616920168240058;50001;SEG
03005777720158240019;50001;SEG
03005794720158240019;50001;SEG
03005850320158240036;50001;CON
03005912420148240075;50001;AGR
03005928320148240018;50001;SEG
03005971820158240068;50000;BAN
03005985520148240159;50001;BAN
03006078820148240103;50000;BUS
03006087820168240014;50000;FAM
03006089720158240019;50001;SEG
03006108020158240144;50002;AGR
03006117020168240034;50000;EXP
03006136120168240027;50001;BAN
03006136120168240027;50002;AGR
03006160820158240041;50000;DPV
03006203220168240034;50000;EXP
03006406620158240031;50002;AGR
03006638220148240019;50000;SEG
03006647320158240038;50000;PRE
03006670620168240034;50000;EXP
03006738920158240020;50001;SEG
03006898020158240040;50001;DMI
03006898020158240040;50002;DMI
03007036420168240061;50002;AGR
03007075620168240076;50000;DMI
03007075620168240076;50001;AGR
03007182220158240076;50000;SEG
03007182220158240076;50001;AGR
03007337020178240027;50004;AGR
03007337020178240027;50005;AGR
03007362020158240019;50001;SEG
03007370520158240019;50001;SEG
03007370820158240018;50001;AGR
03007395420168240046;50000;EXP
03007462720148240075;50001;BAN
03007462720148240075;50002;AGR
03007674120148240030;50001;BAN
03007717720158240019;50000;SEG
03007795420158240019;50000;SEG
03007856120158240019;50001;SEG
03007889720148240068;50000;SEG
03008079420168240016;50000;EXP
03008093120148240082;50002;DAN
03008209220178240005;50001;AGR
03008317020158240077;50000;CON
03008317020158240077;50000;FAM
03008537320148240139;50001;SOC
03008990820168240005;50001;CON
03009126720158240061;50000;DAN
03009165020148240058;50001;AGR
03009387420158240058;50001;TIT
03009437620178240042;50002;AGR
03009715220178240007;50000;DPV
03009728220148240026;50002;FAM
03009818420158240163;50000;DMI
03009818420158240163;50001;AGR
03009941920148240034;50001;SEG
03009965720178240042;50000;BAN
03010085320168240027;50000;DPV
03010105520178240005;50000;DAN
03010130620168240050;50002;SUC
03010190920148240074;50001;AGR
03010254220168240075;50002;CIV
03010323420168240075;50002;AGR
03010355720168240020;50000;CON
03010391020178240166;50000;DMI
03010391020178240166;50001;AGR
03010540620158240018;50000;SEG
03010639620148240019;50000;SEG
03010648420148240018;50000;SEG
03010693720178240007;50001;DMI
03010708820148240019;50000;SEG
03010751320148240019;50000;SEG
03010855720148240019;50000;SEG
03010967820148240054;50001;SEG
03010970720168240050;50000;SEG
03011019520148240282;50001;BAN
03011029420158240072;50000;BAN
03011029420158240072;50001;AGR
03011061320178240024;50001;FAM
03011137720148240034;50000;SEG
03011201520178240018;50001;SEG
03011201520178240018;50002;SEG
03011202620178240079;50001;AGR
03011348120148240057;50000;DAN
03011441120178240061;50002;SEG
03011507020158240034;50000;CON
03011548920148240019;50002;SEG
03011582920148240019;50001;SEG
03011591420148240019;50001;SEG
03011669320168240032;50000;BAN
03011753920168240005;50000;DMI
03011801820148240042;50002;AGR
03011915620168240081;50001;DMI
03011915620168240081;50002;AGR
03012082920158240081;50002;DMI
03012200320178240007;50000;BAN
03012200320178240007;50000;SFH
03012431520148240019;50001;SEG
03012474920148240020;50001;AGR
03012601920168240007;50001;AGR
03012605620148240082;50000;DAN
03012670920178240061;50002;AGR
03012985520158240075;50000;BAN
03013153620158240061;50001;POS
03013221720178240042;50000;BAN
03013221720178240042;50000;DMI
03013243120178240092;50001;BAN
03013384720158240007;50000;BUS
03013567520168240058;50001;COM
03013578120158240030;50001;BAN
03013578120158240030;50002;AGR
03013902120148240058;50000;CON
03013918920158240019;50001;SEG
03013961420158240019;50001;SEG
03014116520158240024;50001;BAN
03014116520158240024;50002;BAN
03014218520178240074;50001;TIT
03014218520178240074;50002;TIT
03014329820148240081;50000;CON
03014329820148240081;50001;CON
03014357720178240039;50001;AGR
03014557320178240005;50001;BAN
03014643520168240081;50000;CIV
03014750720148240058;50002;AGR
03014750720148240058;50002;DAN
03014867020178240045;50001;BAN
03015054720148240024;50001;BAN
03015056520148240018;50001;SEG
03015201820168240033;50000;SEG
03015203520168240092;50002;BAN
03015213820178240010;50001;AGR
03015240620148240072;50001;FAM
03015279120158240082;50001;CON
03015279120158240082;50001;DAN
03015279120158240082;50002;DAN
03015333320148240018;50001;SEG
03015463220148240018;50001;SEG
03015561620148240135;50001;FAM
03015612220148240011;50001;AGR
03015710920148240030;50000;CON
03015895120148240023;50002;AGR
03016069120148240054;50000;DPV
03016166720178240075;50000;BAN
03016249420158240081;50000;SEG
03016345620158240076;50000;BAN
03016441520158240072;50001;COM
03016459720158240072;50000;BAN
03016585620168240074;50000;BAN
03016635520148240072;50001;DMI
03016856520168240033;50002;AGR
03016955920158240061;50000;BAN
03016979620168240092;50001;EXP
03017035420168240076;50001;COM
03017035420168240076;50001;CON
03017134920148240018;50001;SEG
03017413120168240023;50001;AGR
03017459720168240078;50000;SEG
03017586620158240067;50003;AGR
03017586620158240067;50004;AGR
03017668120158240022;50001;AGR
03017928720168240008;50000;DPV
03018222620158240019;50001;SEG
03018504320158240035;50001;DMI
03018504320158240035;50002;DMI
03018601320168240113;50000;BAN
03018784920168240011;50000;DMI
03019129620178240008;50001;AGR
03019143520148240020;50001;CON
03019167920158240081;50000;CON
03019590520158240020;50001;DAN
03019739320178240092;50001;EXP
03019768020158240007;50000;BUS
03019790320178240092;50001;EXP
03019796120178240008;50000;DPV
03020131020158240007;50002;AGR
03020203620158240125;50002;AGR
03020418720178240045;50002;AGR
03020474920158240018;50000;SEG
03020576720148240038;50000;CON
03020576720148240038;50001;CON
03020583820148240075;50000;DAN
03020825620158240067;50001;DPV
03020856220178240092;50000;BAN
03020913320178240007;50000;DPV
03021237220168240007;50000;BAN
03021389020168240023;50000;OIG
03021402020178240025;50000;DPV
03021403420148240022;50001;BAN
03021403420148240022;50001;EXP
03021618220158240019;50000;SEG
03021681520168240092;50000;BUS
03021811420168240092;50000;BAN
03021815320158240058;50001;CON
03021841020148240004;50000;DAN
03021869520178240061;50001;CIV
03022093320148240033;50001;DPV
03022219220148240018;50001;AGR
03022411420178240007;50000;DPV
03022426520158240040;50000;BAN
03022828320148240007;50001;FAM
03022828320148240007;50002;AGR
03022942720158240019;50000;CON
03023048820178240023;50001;CDC
03023143220148240058;50001;AGR
03023301020168240092;50000;BAN
03023366820168240075;50000;BAN
03023378620148240022;50000;DMI
03023766320158240082;50000;CON
03023778020148240018;50001;AGR
03023778020148240018;50001;SEG
03023838420158240040;50001;CON
03023980920168240011;50001;DMI
03024002520158240007;50001;FAM
03024201720148240018;50000;SEG
03024297120178240018;50000;SEG
03024328220158240022;50000;DMI
03024360220168240082;50003;AGR
03024436020148240018;50000;SEG
03024513720148240018;50000;SEG
03024585820168240018;50000;DMI
03024923920168240113;50001;DPV
03024923920168240113;50002;AGR
03025213620148240024;50000;BAN
03025213620148240024;50001;BAN
03025263620158240020;50001;AGR
03025358320158240024;50000;BAN
03025473420148240024;50000;BAN
03025473420148240024;50001;BAN
03026046720168240061;50000;DMI
03026233120168240075;50002;AGR
03026749320158240037;50000;FAM
03026817320148240020;50000;EXP
03026848120148240067;50001;EXP
03026985120158240125;50004;AGR
03027160520168240039;50001;AGR
03027180920148240018;50001;SEG
03027303920148240045;50001;CON
03027409020168240020;50000;TIT
03027420320158240018;50000;SEG
03027799320168240018;50000;SEG
03027995820158240038;50000;FAM
03028048820168240024;50001;BAN
03028575220148240020;50001;DAN
03028649020158240058;50001;SEG
03029045020168240054;50001;DMI
03029045020168240054;50002;AGR
03029159420148240007;50000;EXP
03029309320158240018;50000;SEG
03029763320168240023;50001;AGR
03029796820158240040;50001;AGR
03030190820148240033;50000;CDC
03030456520168240023;50000;CON
03031100920158240019;50001;DMI
03031100920158240019;50002;AGR
03031247220158240025;50000;FAM
03031481720148240064;50000;DMI
03031884820158240004;50002;AGR
03031912620168240082;50001;FAM
03031912620168240082;50002;FAM
03032044120168240012;50000;BAN
03032044120168240012;50000;EXP
03032267820168240019;50000;SEG
03032424620158240058;50001;CON
03032430820168240022;50002;BAN
03032599420158240054;50000;DMI
03032943120168240018;50000;SEG
03032943120168240018;50001;AGR
03032958420148240018;50001;AGR
03033874420158240045;50001;FAM
03033920820148240011;50002;BAN
03033928420148240018;50000;SEG
03034623620178240038;50001;BAN
03035246020148240045;50002;AGR
03035638020148240005;50001;CON
03035638020148240005;50002;CON
03035731420168240019;50000;FAM
03035848020168240039;50000;DPV
03036651620168240011;50001;DMI
03036655220148240054;50001;AGR
03036839820168240023;50001;SEG
03037035720158240045;50001;AGR
03037733520158240058;50002;AGR
03037808020158240008;50001;FAM
03037951920158240018;50001;SEG
03038130220178240008;50000;DPV
03038130220178240008;50001;AGR
03038130220178240008;50001;DPV
03038174320168240018;50001;AGR
03038176420168240011;50002;CON
03038229620158240019;50000;SEG
03039937720158240011;50000;CON
03039999420168240061;50001;DMI
03040247320158240019;50002;AGR
03040366120148240039;50001;TIT
03040423420148240018;50001;SEG
03040588820158240038;50000;BUS
03040588820158240038;50001;AGR
03040696920168240075;50001;BAN
03040730220168240045;50003;AGR
03040730220168240045;50004;AGR
03040825320148240038;50001;EXP
03040825320148240038;50002;EXP
03040876720178240039;50000;BAN
03041965820168240058;50000;BAN
03042141020178240005;50002;AGR
03042236020178240008;50000;DPV
03042943720148240018;50001;TIT
03043040220168240054;50001;CIV
03043040220168240054;50002;AGR
03043639520168240019;50000;SEG
03043753420158240023;50000;PRE
03043753420158240023;50001;PRE
03044114420148240045;50001;DMI
03044357220178240011;50000;DMI
03044479620168240019;50002;AGR
03044525820158240018;50000;SEG
03044666320158240011;50000;BUS
03044693120148240018;50000;SEG
03044714920158240023;50000;DMI
03044719820148240018;50000;SEG
03045351120158240039;50001;DMI
03045759020148240018;50000;SEG
03046170820168240039;50000;CDC
03046170820168240039;50001;CDC
03046170820168240039;50001;CON
03046170820168240039;50001;OIG
03046566420178240008;50000;DPV
03046805620178240020;50000;DMI
03047759720148240018;50001;SEG
03048284420158240018;50000;SEG
03048542720158240023;50002;AGR
03048697420168240018;50001;AGR
03050010520148240018;50000;SEG
03050010520148240018;50001;SEG
03050757320168240023;50002;AGR
03051006620148240020;50000;SEG
03051047520158240018;50000;SEG
03052267720168240075;50001;BAN
03052267720168240075;50002;BAN
03052304720148240023;50001;BAN
03052602320148240075;50001;AGR
03053012620168240008;50000;INF
03053426920178240036;50003;AGR
03054532020158240005;50000;BUS
03054533820148240075;50000;BUS
03055526420158240045;50000;DAN
03055982620148240033;50000;EXP
03056221620168240023;50001;CON
03057399520158240005;50001;BAN
03058018320168240011;50000;DAN
03058018320168240011;50000;DMI
03058096220158240054;50000;DMI
03058122820168240039;50003;AGR
03058122820168240039;50004;AGR
03058559620148240018;50001;CON
03059096220148240018;50002;AGR
03059450720148240018;50000;SEG
03059755320178240045;50000;BAN
03059869620178240008;50001;AGR
03060218820158240020;50000;BUS
03060309020148240018;50000;SEG
03060370820148240075;50000;TIT
03060673820168240054;50002;AGR
03060847920148240075;50002;AGR
03061301420168240038;50000;FAM
03061301420168240038;50001;FAM
03061419220158240033;50000;SEG
03061946420158240036;50001;CON
03062035120148240039;50000;EXP
03062171720148240045;50000;EXP
03062435620158240020;50001;AGR
03062915520148240018;50000;SEG
03063898820158240023;50001;CON
03064636020158240018;50000;SEG
03064636020158240018;50001;SEG
03064696720158240018;50000;SEG
03064952520168240020;50000;CDC
03065033120158240054;50001;AGR
03065503220158240045;50001;CON
03067004920178240075;50000;BUS
03067913320158240036;50000;DMI
03068455320168240039;50001;BAN
03068872620158240011;50001;TIT
03068872620158240011;50002;AGR
03069020820148240018;50000;SEG
03069919720168240038;50001;SEG
03070028920168240018;50000;SEG
03070063020148240008;50000;CON
03071195120148240018;50000;SEG
03071601820148240018;50000;SEG
03071628520148240018;50000;SEG
03071702820158240018;50001;SEG
03071827620148240018;50000;SEG
03073439120158240005;50001;BUS
03074209520148240018;50000;SEG
03074469320148240018;50002;AGR
03074621320158240018;50001;DPV
03074705820178240005;50001;BAN
03075869320158240018;50001;CON
03076703120158240039;50003;AGR
03076836720148240038;50001;AGR
03077298220158240018;50000;SEG
03078301620158240020;50001;CON
03078891020168240039;50001;SEG
03079114820148240036;50001;SEG
03080975320178240008;50000;DPV
03081008020148240018;50000;SEG
03081224120148240018;50000;SEG
03081531620168240075;50000;BUS
03082789220158240018;50001;SEG
03083489820148240033;50000;BAN
03084825720168240033;50000;DPV
03085225520148240018;50000;COM
03085380920148240018;50001;SEG
03085520220158240036;50001;MAR
03086516920158240036;50001;AGR
03087145120158240018;50000;SEG
03087597320168240033;50000;DPV
03087876220158240005;50001;DAN
03087876220158240005;50002;DAN
03088556620168240008;50000;DPV
03088556620168240008;50001;AGR
03089213920148240033;50001;DAN
03089633620148240018;50001;SEG
03089880420148240033;50000;DMI
03090051120168240020;50000;EXP
03090158920158240020;50000;AUT
03090158920158240020;50000;CIV
03091227620148240018;50000;SEG
03091714520178240008;50000;DPV
03093080220148240018;50000;SEG
03093638420178240005;50000;CON
03094148420168240020;50000;TIT
03094775220158240018;50000;SEG
03095289720158240039;50000;DMI
03095320320158240018;50000;SEG
03095332220148240018;50001;SEG
03096008420148240018;50000;SEG
03097489520148240018;50003;AGR
03098447620158240018;50000;SEG
03099053720168240038;50001;SEG
03099212220148240018;50000;SEG
03099286220158240023;50000;OIG
03099824820168240005;50000;BAN
03100835420148240038;50001;SEG
03101131820158240018;50000;SEG
03102260620148240018;50000;SEG
03102316520148240038;50003;AGR
03103031520148240018;50001;SEG
03104391220148240018;50001;OIG
03104814120178240023;50001;FAL
03105158420158240023;50001;AGR
03106297720158240005;50001;DPV
03106801120178240008;50000;DPV
03106801120178240008;50001;AGR
03107258720148240018;50001;SEG
03109393820158240020;50000;POS
03109962820168240018;50000;SEG
03110018420158240018;50000;SEG
03110781920178240020;50000;DAN
03110828520158240033;50001;CON
03110828520158240033;50002;CON
03112729320168240039;50001;POS
03113100820158240018;50000;SEG
03115235120158240038;50003;AGR
03115966820158240023;50002;AGR
03116863120158240038;50000;CDC
03117269120168240033;50001;DPV
03117694720158240038;50000;SEG
03118127320178240018;50001;SEG
03118457320158240005;50000;TIT
03118526520158240005;50000;BUS
03120368420168240005;50001;CIV
03120978920158240033;50000;CDC
03120978920158240033;50001;CDC
03121385620158240033;50000;CON
03121385620158240033;50001;CON
03121920720158240038;50000;DMI
03125289020148240023;50000;DAN
03125425520158240018;50000;SEG
03125881020168240018;50000;BAN
03126305520178240008;50000;DPV
03128126420158240023;50000;CIV
03128126420158240023;50000;DMI
03128126420158240023;50001;AGR
03131428120168240005;50002;AGR
03131603720158240038;50000;BAN
03131704920168240005;50000;AUT
03131704920168240005;50001;AUT
03131883120168240018;50000;SEG
03131930920148240023;50001;DAN
03143954120158240005;50001;DAN
03147672220148240038;50002;SEG
03152063320148240038;50000;DMI
03152913020158240023;50002;CDC
03153125020178240018;50000;SEG
03153215420148240038;50001;AGR
03153561420148240038;50000;FAM
03153561420148240038;50001;FAM
03157965520148240023;50003;CDC
03158797120148240023;50003;BAN
03161839020158240005;50001;BAN
03163016620158240005;50001;BAN
03163873720158240005;50002;AGR
03171147320148240023;50001;BAN
03171147320148240023;50001;BUS
03172957420148240023;50000;FAM
03176781820158240023;50000;DMI
03182281320158240023;50000;PRE
03183008620148240038;50001;SEG
03183384620148240023;50001;AGR
03185854520158240038;50001;AGR
03194336620148240038;50002;AGR
03195979420158240038;50000;FAM
03200584820148240023;50001;DAN
03204384820168240008;50000;DPV
03205097320148240023;50002;AGR
03205097320148240023;50003;AGR
03209938820148240023;50001;CON
03215460420158240023;50000;DPV
03220437020158240038;50000;CIV
03220437020158240038;50000;DMI
03222042820158240023;50000;CDC
03224546120158240023;50000;CDC
03225884320158240038;50001;CON
03239973620148240023;50001;CON
03239973620148240023;50001;FAM
03247932720148240023;50001;AUT
03252640920158240023;50000;OIG
03255996220148240023;50001;BAN
03256610520148240023;50000;DMI
03259383920158240038;50002;AGR
03267064420148240023;50003;AGR
03267064420148240023;50004;AGR
03267064420148240023;50005;CDC
03274514220158240038;50002;AGR
03289149820148240023;50001;PRE
03291752920158240023;50000;DAN
03295659620158240023;50000;CDC
03306485020158240023;50000;DMI
03310316220148240023;50001;AGR
03310888020148240023;50001;CON
03313477520148240023;50002;AGR
03313867220148240023;50001;CDC
03317553220158240023;50000;DMI
03324802120158240023;50000;DMI
03327308820148240023;50000;EXP
03346968620148240023;50000;OIG
03346968620148240023;50001;OIG
03368524720148240023;50001;CDC
03368524720148240023;50002;BUS
03625937020068240023;50001;PRE
03632674820068240023;50001;PRE
03681625720038240023;50002;DAN
03727527220068240023;50000;PRE
04310306920008240381;50001;AGR
05000013220108240163;50002;AGR
05000094920138240051;50000;EXP
05000153220138240059;50000;EXP
05000194520138240067;50000;EXP
05000197420138240025;50000;OIG
05000208820138240080;50000;EXP
05000254620128240242;50000;BAN
05000257820128240005;50002;AGR
05000291820128240005;50000;BAN
05000320620118240167;50002;AGR
05000377520138240064;50001;BUS
05000514620108240167;50000;CON
05000812320138240023;50002;AGR
05000904420108240005;50000;BAN
05001024520128240019;50000;SEG
05001094520138240005;50001;DAN
05001245720138240023;50000;OIG
05001263620138240020;50000;SEG
05001283720138240042;50000;TIT
05001324420128240031;50000;BAN
05001414520138240039;50000;DMI
05001462520138240053;50000;DMI
05001598520128240044;50000;CON
05001918220108240037;50000;OIG
05001929020138240060;50001;CON
05001940220118240005;50001;CON
05001940220118240005;50001;DAN
05001978920128240079;50001;SEG
05002030220118240057;50001;BAN
05002043820118240040;50000;OIG
05002110220138240059;50001;SFH
05002124120128240020;50000;BAN
05002124120128240020;50001;BAN
05002197720128240070;50001;AGR
05002273820118240022;50002;AGR
05002295120108240019;50000;BAN
05002298720138240070;50000;TIT
05002471320128240016;50001;SEG
05002562520128240064;50000;OIG
05002679020138240073;50000;COM
05002679020138240073;50000;SOC
05003065920118240008;50000;DAN
05003065920118240008;50000;SFH
05003103520138240038;50002;AGR
05003159620138240025;50002;AGR
05003484620138240006;50001;AGR
05003544020138240075;50002;AGR
05003767920118240007;50001;BAN
05003767920118240007;50002;BAN
05003767920118240007;50003;BAN
05003987820108240135;50001;TIT
05004210520138240075;50001;BAN
05004507720128240079;50000;SEG
05005132320128240073;50000;OIG
05005211120128240037;50001;BAN
05005211120128240037;50001;EXP
05005675820108240008;50000;OIG
05006240620138240062;50002;AGR
05006399620128240033;50000;DAN
05006400320138240080;50000;BAN
05006421820118240023;50000;OIG
05006457420108240033;50000;BAN
05006466720138240061;50001;AGR
05006710220118240045;50000;BUS
05006873420138240061;50001;AGR
05006895920138240075;50000;DPV
05007072820128240039;50000;BAN
05007095520138240041;50001;EXP
05007156220138240041;50001;EXP
05008608720138240019;50001;SEG
05009073820128240135;50000;BAN
05009274720118240011;50001;BAN
05009745220128240054;50002;AGR
05009970320128240020;50001;FAL
05010075320138240039;50000;EXP
05010458920138240031;50001;BAN
05010458920138240031;50001;CON
05010542720138240039;50001;EXP
05010657720128240011;50002;BAN
05010761120108240033;50002;TIT
05010833220138240054;50002;BUS
05010859720118240045;50001;AGR
05011179420138240025;50001;AGR
05011328420138240018;50000;SEG
05011998020138240040;50000;DAN
05012823620118240018;50000;CON
05012866020128240011;50000;COM
05012866020128240011;50001;AGR
05013013920138240061;50001;DMI
05014012020138240020;50000;DAN
05014012020138240020;50000;DMI
05014717720138240039;50000;EXP
05015023120138240061;50001;AGR
05015225420138240018;50001;SEG
05015451920128240023;50000;OIG
05015804620128240033;50002;AGR
05015804620128240033;50003;AGR
05016312120128240045;50002;SEG
05016864020138240011;50002;AGR
05018776420138240018;50000;BAN
05018903020128240008;50000;OIG
05018926320138240008;50000;BAN
05019648820118240018;50000;DAN
05020657620128240023;50005;AGR
05020824620128240045;50000;BAN
05023029120138240018;50001;SEG
05024001620138240038;50001;CON
05024269520138240011;50000;DMI
05025059220138240005;50001;AGR
05025767620138240011;50001;AGR
05026597220118240008;50000;OIG
05026698220128240008;50000;OIG
05027898020128240023;50000;OIG
05029498620138240018;50001;TIT
05029699620128240023;50001;OIG
05031611020138240018;50001;SEG
05034511820128240064;50000;DAN
05040096120128240008;50000;OIG
05041704620138240005;50000;BAN
05043464220138240064;50000;CON
05047991820138240038;50000;SFH
05047991820138240038;50001;SFH
05720037819458240615;50001;CON
05720037819458240615;50001;REG
06000620320148240019;50001;DAN
06000620320148240019;50002;DAN
06000698820148240085;50000;BUS
06000793120148240054;50001;AGR
06001321720148240020;50001;EXP
06002029220148240033;50000;TIT
06002741620148240054;50003;AGR
06004024420148240019;50001;SEG
06004361920148240019;50000;SEG
06004405620148240019;50002;SEG
06005773820148240019;50001;SEG
06006224520148240018;50001;BAN
06006440320148240019;50001;SEG
06006557520148240037;50002;BUS
06006557520148240037;50003;BUS
06006596920148240019;50001;SEG
06006605420148240019;50001;SEG
06006657620148240019;50001;SEG
06006804520148240019;50001;SEG
06006913220148240033;50001;AGR
06007003320148240020;50001;CON
06007038820148240019;50000;SEG
06007133520148240019;50001;SEG
06007437020148240019;50001;AGR
06007445520148240019;50000;SEG
06007462520148240019;50000;SEG
06007934120148240005;50002;BAN
06008181220148240019;50001;SEG
06008233420148240019;50001;SEG
06008281420148240033;50000;MAR
06009061420148240031;50000;DMI
06010246820148240005;50001;TIT
06024683920148240005;50002;AGR
06027316220148240008;50002;AGR
06616447520038240023;50001;DAN
06627109020038240023;50001;DAN
06849832920048240023;50001;AGR
07005952620128240023;50002;BAN
07007570220048240023;50002;PRE
07052088920128240023;50000;BAN
08000156720138240023;50001;BAN
08001577420138240022;50000;BAN
08002068920138240063;50002;AGR
08002999220138240082;50000;EXP
08004172220128240141;50001;OIG
08004350920138240141;50002;MAR
08004350920138240141;50003;MAR
08004432020128240141;50001;OIG
08004432020128240141;50002;OIG
08004553420128240141;50004;OIG
08004821720128240141;50003;AGR
08010951820138240039;50002;SFH
08031923920138240023;50000;BAN
08044149020138240007;50000;DAN
08060504320138240023;50001;EXP
08065804720138240023;50001;DAN
08068613720128240023;50000;BUS
08076348220128240023;50000;BAN
08077002820138240023;50000;CON
08101495620138240023;50001;BAN
08117840920128240023;50001;BUS
08146031620128240023;50000;BAN
08182587720148240038;50000;CON
08301125020138240023;50002;AGR
08538047820138240023;50000;BUS
08538697320138240023;50000;EXP
08578302220138240023;50000;DMI
08747610320138240023;50000;POS
09004878020168240020;50000;INF
09059484720148240038;50000;INF
10007967220168240000;50000;RAI
10007967220168240000;50001;RAI
10008122620168240000;50000;EXP
10008174820168240000;50000;AGR
10008174820168240000;50000;RAI
10008174820168240000;50000;TIT
10009101120168240000;50000;EXP
10010452320168240000;50001;AGR
10010556720168240000;50001;EXP
10021027620168240000;50001;DAN
10023235920168240000;50002;RAI
10068222220138240023;50001;AGR
10108503320138240023;50002;OIG
10186086320138240023;50000;DMI
10186086320138240023;50001;AGR
10220019320138240023;50000;CDC
40000060320178240000;50000;EXP
40001460320188240000;50000;BAN
40001460320188240000;50000;EXP
40002032120188240000;50000;BAN
40002032120188240000;50000;EXP
40002058820188240000;50000;EXP
40002119520188240000;50000;EXP
40003972120188240000;50000;EXP
40004820720188240000;50000;EXP
40005367020188240000;50001;AGR
40005384020188240000;50002;RAI
40005643820188240000;50000;INF
40005794120178240000;50001;RAI
40006475420188240000;50002;AGR
40006617220178240000;50002;AGR
40007145320178240000;50000;SFH
40007292220178240000;50000;RAI
40010687820178240000;50001;BAN
40010687820178240000;50001;EXP
40010831320188240000;50000;EXP
40010866520188240000;50000;EXP
40011362820178240000;50000;EXP
40011475720178240000;50000;RAI
40011499020188240000;50000;EXP
40011784320188240000;50001;OIE
40012312420188240000;50000;EXP
40012558620178240000;50004;RAI
40012558620178240000;50005;RAI
40013753220178240000;50000;FAL
40013906420188240000;50000;EXP
40014053320188240000;50001;CON
40014053320188240000;50001;EXP
40015196920188240000;50000;SFH
40015421520188240000;50000;RAI
40015681320188240000;50001;EXP
40015811220188240000;50000;EXP
40016455620178240000;50000;BUS
40017093220188240000;50000;BUS
40017093220188240000;50001;AGR
40018707620178240000;50004;AGR
40019374120178240000;50000;BAN
40019374120178240000;50000;EXP
40020124620188240000;50000;EXP
40020289720188240000;50000;EXP
40020514320188240000;50000;EXP
40021458820188240000;50000;BAN
40021458820188240000;50000;EXP
40021588720188240000;50000;EXP
40021724220168240000;50004;AGR
40021724220168240000;50005;AGR
40022039120188240000;50000;BAN
40022039120188240000;50000;EXP
40022457720178240000;50001;RAI
40022489520188240000;50000;EXP
40025982020178240000;50001;EXP
40027451220188240000;50000;EXP
40027948720178240000;50001;FAL
40027953820188240000;50001;EXP
40028173320178240000;50000;RAI
40028173320178240000;50001;RAI
40028190320178240000;50000;OIE
40028849520178240000;50001;BUS
40029590320188240000;50000;EXP
40030595520188240000;50000;BAN
40030595520188240000;50000;EXP
40030815020178240000;50000;RAI
40031115120188240000;50000;EXP
40032333520168240000;50001;AGR
40032333520168240000;50002;AGR
40032333520168240000;50003;AGR
40032333520168240000;50003;EXP
40032916720188240000;50000;CON
40033898620178240000;50002;BAN
40033898620178240000;50002;EXP
40034022220168240000;50000;RAI
40034022220168240000;50002;RAI
40034030720168240000;50002;FAA
40034030720168240000;50002;OIE
40034160620168240000;50002;EXP
40034160620168240000;50003;EXP
40034481120168240000;50001;OIE
40034978120188240000;50000;EXP
40035275320178240000;50001;AGR
40035965120188240000;50002;FAL
40036793820168240000;50002;EXP
40036837520168240000;50000;EXP
40036975920168240000;50001;AGR
40037244220168240000;50005;EXP
40039115020168240000;50003;RAI
40040076520168240000;50001;OIE
40041221820188240000;50000;EXP
40043578220188240000;50000;RAI
40044265120178240000;50001;AGR
40044288420188240000;50000;RAI
40044882820168240000;50001;AGR
40044978720168240000;50002;AGR
40046589720168240000;50002;EXP
40046606720168240000;50000;EXP
40046667420168240000;50004;AGR
40046684420168240000;50004;AGR
40046684420168240000;50004;EXP
40046684420168240000;50005;AGR
40046684420168240000;50005;EXP
40048246120188240000;50000;EXP
40048953420168240000;50000;EXP
40049886020178240000;50000;EXP
40050070320168240000;50001;AGR
40050070320168240000;50002;EXP
40050567320188240000;50000;EXP
40051269020188240000;50000;EXP
40051571320188240000;50001;EXP
40051895220178240000;50001;SFH
40052085820178240000;50001;RAI
40052532820188240000;50000;EXP
40052914020188240000;50001;EXP
40052951420178240000;50001;AGR
40052951420178240000;50001;EXP
40053139820188240000;50000;RAI
40053139820188240000;50000;SFH
40053899320168240000;50000;EXP
40053968520168240000;50003;AGR
40053968520168240000;50004;EXP
40054707120188240000;50001;DAN
40055989120188240000;50000;EXP
40057588720168240000;50000;EXP
40057614220168240000;50002;BAN
40057614220168240000;50002;EXP
40057821820168240000;50001;EXP
40057821820168240000;50002;EXP
40058913220168240000;50002;EXP
40059245120188240000;50000;RAI
40059701120168240000;50008;AGR
40059701120168240000;50009;AGR
40060137420188240000;50001;OIE
40064144420168240000;50000;EXP
40064242020188240000;50000;EXP
40066424820188240000;50000;EXP
40066587020168240000;50000;EXP
40066846820168240000;50001;EXP
40066846820168240000;50002;EXP
40067103220178240000;50003;BUS
40067643220168240000;50002;AGR
40068240520168240000;50000;BAN
40068240520168240000;50000;EXP
40068613220168240000;50001;RAI
40071716720188240000;50000;EXP
40071840320178240000;50000;FAL
40075463920168240000;50001;RAI
40075463920168240000;50002;AGR
40075480920168240000;50001;RAI
40075671520168240000;50001;RAI
40075671520168240000;50002;AGR
40075698220168240000;50001;RAI
40075698220168240000;50002;AGR
40078012620188240000;50000;RAI
40078409120168240000;50002;AGR
40078434620168240000;50001;EXP
40078434620168240000;50002;EXP
40079543020168240000;50002;AGR
40079750620168240000;50001;AGR
40079976420168240000;50001;EXP
40079976420168240000;50002;EXP
40080215820178240000;50004;AGR
40080366120168240000;50003;AGR
40080366120168240000;50004;AGR
40080366120168240000;50004;EXP
40081110320168240000;50003;AGR
40081110320168240000;50005;AGR
40081110320168240000;50005;EXP
40082302720178240000;50002;RAI
40083749820178240000;50001;FAA
40083749820178240000;50001;OIE
40084173520178240000;50001;AGR
40086462920168240000;50001;AGR
40086462920168240000;50002;AGR
40089338920168240000;50002;AGR
40091390620168240000;50002;AGR
40091390620168240000;50003;EXP
40091942020178240000;50000;EXP
40092157520188240900;50000;BUS
40092250620188240000;50000;EXP
40092517220168240000;50000;SFH
40093553020178240000;50001;RAI
40094401620178240000;50002;AGR
40094681820168240000;50001;EXP
40094717020168240000;50002;AGR
40094717020168240000;50003;EXP
40095496420168240000;50003;RAI
40095891220178240000;50001;EXP
40096110720168240000;50000;RAI
40096333120178240000;50000;BAN
40096437520178240000;50001;EXP
40098138120168240000;50001;AGR
40098570320168240000;50000;EXP
40099497820168240000;50000;EXP
40099523320168240000;50001;AGR
40099529620178240000;50004;AGR
40100204620178240000;50001;EXP
40100311220168240000;50001;AGR
40100374820188240000;50000;SFH
40101039620168240000;50001;RAI
40102320420168240000;50000;EXP
40102320420168240000;50001;EXP
40102338620168240000;50000;EXP
40102372620168240000;50000;OIE
40103576920168240000;50002;AGR
40103576920168240000;50003;AGR
40104993920178240000;50002;EXP
40105127220168240000;50001;EXP
40105291120168240000;50002;AGR
40106189720178240000;50002;AGR
40106191920168240000;50001;EXP
40106434720168240000;50000;BAN
40106434720168240000;50000;EXP
40106621920178240000;50001;AGR
40107509120168240000;50001;FAL
40108720720168240000;50001;BAN
40108720720168240000;50001;EXP
40108917620178240000;50001;CON
40108917620178240000;50001;EXP
40110112220178240000;50002;RAI
40113030720178240000;50001;BAN
40113030720178240000;50001;EXP
40114451120178240000;50001;OIE
40117231220178240000;50003;RAI
40117742320178240000;50000;BAN
40117742320178240000;50000;EXP
40117806420168240000;50003;AGR
40117806420168240000;50004;AGR
40117806420168240000;50005;EXP
40117831920168240000;50001;EXP
40119997720168240000;50001;EXP
40120230820168240000;50001;EXP
40120395920168240000;50001;BAN
40120395920168240000;50001;EXP
40122006920168240000;50001;RAI
40122653020178240000;50001;OIE
40123591220168240000;50000;OIE
40123623020178240000;50000;EXP
40124800620178240000;50000;EXP
40124881720168240000;50001;EXP
40124881720168240000;50002;EXP
40125623720178240000;50007;RAI
40127217720178240000;50001;BAN
40127217720178240000;50001;EXP
40128256920178240000;50001;EXP
40128317620178240000;50000;SFH
40128958620178240000;50000;RAI
40128980720188240000;50000;EXP
40129206520188240000;50000;EXP
40129668820178240000;50001;EXP
40129738020178240000;50003;AGR
40131022220168240000;50002;AGR
40132477820168240000;50002;AGR
40133063220178240000;50001;SFH
40133548820178240000;50003;AGR
40133676920188240900;50001;OIE
40136111620178240000;50000;EXP
40136314120168240000;50000;SFH
40137532020178240000;50001;RAI
40137726020168240000;50002;AGR
40137726020168240000;50003;AGR
40138470220168240000;50003;AGR
40138470220168240000;50004;RAI
40138765220168240000;50009;AGR
40138765220168240000;50010;AGR
40139966120178240000;50001;RAI
40140347320178240000;50001;AGR
40140347320178240000;50002;EXP
40140762520178240000;50000;BAN
40140762520178240000;50000;EXP
40141022320178240000;50000;FAA
40141302520168240000;50002;AGR
40141585620178240000;50000;RAI
40145551820178240000;50001;AGR
40148014820168240000;50002;AGR
40148283120168240000;50000;EXP
40154995420168240000;50001;TIT
40158716620178240000;50001;RAI
40158984920178240000;50000;EXP
40159877220178240000;50002;OIE
40160356520168240000;50000;RAI
40161548920178240000;50001;OIE
40163860420178240000;50001;AGR
40164042520178240000;50000;BAN
40164042520178240000;50000;EXP
40164140620168240000;50000;EXP
40164288720168240000;50002;AGR
40164643220168240000;50002;EXP
40164643220168240000;50003;EXP
40164796420178240000;50000;FAA
40164796420178240000;50000;OIE
40164978520178240000;50001;RAI
40170278920178240000;50000;EXP
40170402520168240000;50003;RAI
40171381020168240000;50000;OIE
40172495720178240000;50001;RAI
40174609320178240000;50002;AGR
40176124420178240000;50000;FAA
40176124420178240000;50000;OIE
40179565920168240000;50000;EXP
40180888220178240000;50001;OIE
40180930720178240000;50001;AGR
40181644320168240000;50001;EXP
40182550220178240000;50000;RAI
40186352520178240000;50001;AGR
40186959520178240000;50001;RAI
40186959520178240000;50002;AGR
40188621520178240000;50000;EXP
40190129320178240000;50000;EXP
40190743620178240000;50001;RAI
40190804320178240000;50000;EXP
40191497520178240000;50001;BUS
40191497520178240000;50002;AGR
40191592220178240000;50001;RAI
40194407520178240000;50001;OIE
40194770520178240000;50001;BUS
40196745720178240000;50001;OIE
40198867820178240000;50000;EXP
40198876320178240000;50000;EXP
40199360720178240000;50001;RAI
40200980220178240000;50002;AGR
40202383620178240000;50001;RAI
40203198220178240000;50002;RAI
40203596420178240000;50000;BAN
40203596420178240000;50000;EXP
40204375820178240000;50000;OIE
40205501220178240000;50000;BAN
40205501220178240000;50000;EXP
40210568520178240000;50000;BAN
40212127320178240000;50000;AGR
40212127320178240000;50000;EXP
40214430320178240000;50000;EXP
40215374820178240000;50001;FAL
40215816720178240000;50000;CON
40215816720178240000;50000;RAI
40220987220178240000;50001;AGR
40222355420178240000;50000;EXP
40222805820178240000;50001;AGR
40222805820178240000;50002;AGR
40222979420178240000;50000;BAN
40222979420178240000;50000;BUS
40224079320178240000;50000;RAI
40228582120178240000;50001;AGR
40228764220178240000;50000;EXP
40231129120178240000;50000;EXP
40232635720178240000;50001;OIE
40233882520178240000;50003;BUS
40237052320178240000;50000;OIE
40238889120178240000;50001;CDC
40238889120178240000;50001;CON
40239771720178240000;50000;OIE
40240291320178240000;50001;AGR
40241001520178240000;50000;OIE
40242560320178240000;50000;EXP
40244171320178240000;50000;EXP
40246570220178240000;50000;EXP
40248848920178240000;50000;EXP
40252027220178240000;50001;FAL
40252304020178240000;50000;RAI
40252945020178240000;50001;OIE
40253889520178240000;50000;OIE
40253984220178240000;50002;BUS
40254417620178240000;50001;OIE
40254486820178240000;50000;EXP
40255352420178240000;50001;OIG
40255794320178240000;50002;EXP
40255794320178240000;50003;EXP
40256175520178240000;50001;BUS
40256651420178240000;50001;BUS
40260020320178240000;50002;RAI
40260107720178240000;50000;EXP
40260263120178240000;50000;EXP
40260878620178240000;50000;EXP
40262047720178240000;50001;EXP
40264186820178240000;50000;RAI
40265079120178240000;50002;AGR
40265381420178240000;50000;EXP
40268898420178240000;50001;EXP
40269183720178240000;50001;AGR
40270681820178240000;50000;OIE
40271574120178240000;50000;AGR
40271574120178240000;50000;EXP
40273003020178240000;50000;OIE
40273011520178240000;50000;EXP
40274839820178240000;50001;EXP
40275194320178240000;50000;EXP
40275307220178240000;50000;OIE
40275791620178240000;50000;EXP
40277775320178240000;50000;EXP
40278797520178240000;50001;BUS
40280806720178240000;50001;RAI
40282001320178240000;50000;EXP
40282478420178240000;50001;BAN
40282868120178240000;50001;OIE
40283136420178240000;50000;RAI
40284902820178240000;50000;BAN
40284902820178240000;50000;EXP
40285543820178240000;50001;FAA
40285543820178240000;50001;OIE
40288211020178240000;50000;EXP
40289371620178240000;50001;FAA
40289371620178240000;50001;OIE
40289440820178240000;50000;BUS
40289692120178240000;50000;EXP
40291355320178240000;50000;EXP
40297799320178240000;50000;EXP
40297833320178240000;50000;RAI
40298656420178240000;50000;BAN
40298656420178240000;50000;RAI
40300544220178240000;50000;EXP
40300587920178240000;50000;EXP
40300596420178240000;50000;BAN
40300596420178240000;50000;EXP
91563647620158240000;50003;CON